Time(s),Ch1,Ch2,Ch3,Ch4,Ch5,Ch6,Ch7,Ch8,Ch9,Ch10,Ch11,Ch12,Ch13,Ch14
0.001,0.000000,0.000000,0.000000,0.000000,0.000000,0.000000,0.000000,0.000000,0.000000,0.000000,0.000000,0.000000,0.000000,0.000000
0.001,0.120000,0.100000,0.067000,0.034000,0.131000,0.000000,0.085000,0.000000,0.033000,-0.097000,0.000000,0.061000,0.000000,0.000000
0.001,0.000000,0.000000,0.030000,0.000000,0.000000,0.032000,0.000000,0.000000,0.033000,-0.097000,0.064000,-0.031000,0.071000,0.000000
0.009,0.000000,0.134000,0.034000,0.100000,0.033000,0.083000,-0.032000,0.033000,0.000000,-0.097000,0.097000,-0.031000,0.031000,-0.062000
0.062,0.022000,0.033000,-0.004000,0.000000,0.033000,-0.033000,0.313000,0.033000,0.000000,-0.032000,0.032000,0.030000,0.000000,0.032000
0.162,0.120000,0.033000,0.064000,0.000000,0.098000,0.000000,0.000000,-0.032000,0.000000,0.033000,0.000000,0.061000,0.031000,-0.031000
0.168,0.022000,0.000000,-0.037000,0.034000,0.000000,0.000000,0.032000,0.000000,0.033000,-0.065000,0.064000,0.000000,0.102000,-0.075000
0.259,0.000000,0.067000,0.000000,0.000000,0.000000,0.000000,-0.032000,0.000000,0.085000,-0.097000,0.032000,0.000000,0.000000,-0.031000
0.293,0.000000,0.000000,0.000000,0.000000,0.000000,0.051000,-0.032000,0.033000,0.033000,-0.032000,0.032000,0.061000,0.000000,-0.031000
0.394,0.120000,0.000000,-0.037000,0.000000,0.033000,0.000000,-0.032000,0.065000,0.020000,-0.032000,0.032000,0.030000,0.000000,-0.062000
0.432,0.022000,0.067000,-0.004000,0.000000,0.066000,0.000000,0.032000,0.000000,0.053000,-0.065000,0.097000,-0.031000,0.031000,-0.062000
0.484,0.022000,0.033000,-0.034000,0.000000,0.000000,0.000000,0.065000,0.000000,0.000000,-0.065000,0.000000,0.000000,0.031000,-0.062000
0.528,0.055000,0.000000,0.000000,0.067000,0.033000,0.051000,0.000000,0.065000,0.033000,0.000000,0.000000,0.030000,0.000000,-0.062000
0.659,0.055000,0.000000,0.000000,0.000000,0.033000,0.148000,-0.032000,0.033000,0.053000,-0.032000,0.000000,0.030000,0.000000,-0.062000
0.741,0.022000,0.000000,0.064000,0.000000,0.098000,0.032000,0.065000,0.033000,0.150000,-0.097000,0.032000,0.000000,0.000000,0.032000
0.789,0.055000,0.033000,-0.004000,0.000000,0.066000,0.000000,0.000000,0.033000,0.033000,-0.097000,0.032000,-0.031000,0.031000,-0.031000
0.838,0.022000,0.067000,0.229000,0.067000,0.033000,0.083000,-0.032000,0.098000,0.033000,-0.065000,0.000000,0.000000,0.133000,-0.062000
0.916,0.022000,0.000000,-0.004000,0.067000,0.000000,0.051000,0.000000,0.000000,0.033000,-0.065000,0.000000,0.000000,0.031000,-0.031000
0.975,0.088000,0.000000,0.067000,0.034000,0.098000,0.000000,0.000000,0.000000,0.053000,-0.097000,0.000000,0.123000,0.000000,-0.031000
1.026,0.055000,0.000000,0.030000,0.000000,0.033000,0.032000,-0.032000,0.000000,0.053000,-0.097000,0.032000,0.000000,0.031000,-0.031000
1.081,0.153000,0.067000,0.000000,0.067000,0.033000,0.032000,-0.032000,0.033000,0.033000,-0.097000,0.129000,-0.031000,0.071000,-0.031000
1.134,0.022000,0.067000,-0.004000,0.000000,0.033000,0.032000,0.000000,0.033000,0.033000,-0.065000,0.064000,0.000000,0.031000,0.000000
1.193,0.088000,0.067000,0.030000,0.000000,0.255000,0.000000,-0.032000,0.000000,0.053000,0.033000,0.000000,0.030000,0.031000,-0.062000
1.271,0.055000,0.000000,0.030000,0.067000,0.033000,0.000000,0.032000,0.033000,0.053000,-0.032000,0.064000,0.000000,0.071000,-0.062000
1.318,0.055000,0.100000,0.034000,0.034000,0.033000,0.000000,-0.032000,0.000000,0.118000,-0.097000,0.064000,0.000000,0.031000,-0.075000
1.431,0.022000,0.033000,0.030000,0.000000,0.000000,0.032000,-0.032000,0.033000,0.085000,-0.032000,0.032000,0.061000,0.000000,-0.031000
1.431,0.120000,0.000000,0.030000,0.000000,0.033000,0.000000,-0.032000,0.065000,0.033000,-0.065000,0.032000,-0.031000,0.000000,0.032000
1.493,0.055000,0.033000,0.034000,0.000000,0.066000,0.000000,0.000000,0.000000,0.085000,-0.097000,0.097000,-0.031000,0.031000,-0.062000
1.557,0.055000,0.033000,-0.004000,0.000000,0.033000,0.000000,0.065000,0.033000,0.053000,-0.065000,0.000000,-0.031000,0.031000,-0.062000
1.625,0.317000,0.000000,0.034000,0.067000,0.000000,0.032000,0.000000,0.065000,0.053000,-0.065000,0.000000,0.000000,0.000000,-0.062000
1.625,0.055000,0.000000,0.000000,0.100000,0.000000,0.083000,-0.032000,0.000000,0.085000,-0.065000,0.000000,0.000000,0.000000,-0.062000
1.685,0.022000,0.000000,0.034000,0.000000,0.066000,0.032000,0.032000,0.033000,0.118000,-0.097000,0.032000,0.000000,0.000000,0.032000
1.748,0.022000,0.033000,0.097000,0.000000,0.098000,0.000000,0.032000,0.033000,0.020000,-0.097000,0.032000,0.000000,0.000000,-0.031000
1.797,0.022000,0.067000,0.030000,0.067000,0.033000,0.064000,-0.032000,0.065000,0.085000,-0.065000,0.000000,0.000000,0.133000,-0.062000
1.844,0.055000,0.067000,-0.004000,0.067000,0.033000,0.032000,0.000000,0.000000,0.118000,-0.065000,0.000000,0.000000,0.031000,-0.031000
1.940,0.088000,0.033000,0.064000,0.034000,0.066000,0.032000,0.000000,0.000000,0.085000,-0.097000,0.000000,0.092000,0.000000,0.000000
1.972,0.153000,0.033000,0.030000,0.034000,0.000000,0.064000,-0.032000,0.033000,0.118000,-0.065000,0.000000,0.000000,0.000000,-0.031000
2.031,0.055000,0.100000,0.064000,0.067000,0.033000,0.116000,-0.032000,0.033000,0.118000,-0.097000,0.129000,0.030000,0.102000,0.000000
2.116,0.088000,0.067000,0.195000,0.034000,0.033000,0.116000,-0.032000,0.033000,0.118000,-0.097000,0.032000,0.000000,0.000000,0.000000
2.164,0.120000,0.067000,0.097000,0.000000,0.033000,0.064000,0.000000,0.000000,0.118000,0.000000,0.000000,0.061000,0.031000,-0.031000
2.220,0.088000,0.067000,0.097000,0.034000,0.000000,0.032000,0.000000,0.000000,0.118000,-0.065000,0.000000,-0.031000,0.031000,-0.062000
2.292,0.088000,0.134000,0.064000,0.367000,0.033000,0.064000,0.118000,-0.032000,0.247000,-0.097000,0.064000,0.000000,0.071000,-0.031000
2.363,0.055000,0.033000,0.229000,0.000000,0.033000,0.064000,-0.032000,0.000000,0.183000,-0.097000,0.000000,0.000000,0.000000,-0.062000
2.406,0.120000,0.067000,0.097000,0.000000,0.033000,0.180000,-0.032000,0.098000,0.150000,-0.032000,0.032000,0.000000,-0.031000,-0.031000
2.460,0.055000,0.067000,0.064000,0.000000,0.066000,0.374000,-0.032000,0.033000,0.183000,-0.097000,0.000000,-0.031000,0.000000,-0.062000
2.616,0.055000,0.067000,0.030000,0.328000,0.164000,0.051000,0.065000,0.000000,0.183000,-0.097000,0.032000,-0.031000,0.031000,-0.031000
2.634,0.055000,0.033000,0.097000,0.034000,0.033000,0.064000,0.000000,0.065000,0.150000,0.065000,-0.033000,0.000000,0.000000,-0.062000
2.727,0.088000,0.033000,0.064000,0.167000,0.033000,0.148000,-0.032000,0.033000,0.215000,-0.097000,-0.033000,0.000000,0.000000,-0.062000
2.773,0.055000,0.067000,0.097000,0.034000,0.066000,0.116000,0.032000,0.000000,0.280000,-0.129000,-0.033000,-0.031000,0.000000,0.095000
2.825,0.055000,0.400000,0.195000,0.067000,0.066000,0.148000,0.032000,0.033000,0.345000,-0.246000,-0.214000,-0.031000,0.000000,0.000000
2.877,0.088000,0.134000,0.064000,0.100000,0.066000,0.245000,0.065000,0.098000,0.528000,0.162000,0.259000,-0.031000,0.164000,-0.031000
2.969,0.088000,0.332000,0.097000,0.362000,0.000000,0.439000,0.150000,0.195000,1.103000,-0.846000,-2.260000,-0.031000,0.031000,0.000000
2.999,0.153000,0.501000,0.161000,0.668000,0.033000,0.588000,0.248000,0.195000,1.770000,0.378000,0.572000,0.092000,0.000000,0.063000
3.073,0.219000,1.039000,0.232000,1.329000,-0.033000,0.912000,0.248000,0.293000,2.386000,0.443000,0.572000,0.000000,0.000000,0.000000
3.125,0.153000,1.039000,0.198000,2.469000,-0.189000,0.977000,0.378000,0.412000,2.740000,-0.472000,-2.387000,-0.031000,0.102000,0.032000
3.181,0.186000,1.477000,0.165000,2.942000,-0.222000,0.977000,0.410000,0.477000,2.740000,0.508000,0.637000,-0.031000,0.000000,0.032000
3.238,0.219000,1.647000,0.232000,3.010000,-0.189000,1.063000,0.443000,0.575000,2.740000,0.033000,0.064000,0.030000,0.000000,0.063000
3.312,0.186000,1.748000,0.232000,3.179000,-0.066000,1.095000,0.476000,0.445000,2.806000,0.703000,0.767000,-0.031000,0.000000,-0.031000
3.376,0.153000,1.884000,0.296000,2.908000,-0.099000,1.030000,0.573000,0.510000,2.938000,0.638000,0.865000,0.000000,0.071000,0.000000
3.434,0.120000,1.884000,0.300000,2.806000,-0.066000,1.063000,0.476000,0.510000,2.905000,0.790000,0.886000,0.000000,-0.031000,0.000000
3.503,0.219000,1.884000,0.333000,2.772000,0.000000,1.160000,0.476000,0.640000,2.938000,0.822000,0.886000,-0.031000,-0.031000,0.000000
3.535,0.120000,1.918000,0.300000,2.704000,0.033000,1.042000,0.541000,0.575000,3.030000,0.757000,0.886000,-0.031000,0.000000,0.000000
3.535,0.153000,1.986000,0.367000,2.704000,0.164000,1.128000,0.606000,0.542000,3.129000,0.888000,1.049000,-0.031000,0.000000,0.000000
3.601,0.153000,1.952000,0.401000,2.670000,0.033000,1.063000,0.508000,0.608000,3.096000,0.888000,0.951000,-0.031000,-0.031000,-0.031000
3.660,0.153000,1.986000,0.398000,2.772000,0.033000,1.095000,0.476000,0.542000,3.129000,0.822000,0.919000,-0.031000,-0.031000,0.000000
3.742,0.120000,2.360000,0.435000,2.603000,0.098000,1.063000,0.541000,0.542000,3.129000,0.855000,0.984000,-0.031000,-0.031000,0.095000
3.793,0.120000,2.326000,0.502000,2.569000,0.164000,1.095000,0.541000,0.575000,3.162000,0.855000,0.984000,-0.062000,-0.031000,0.000000
3.840,0.153000,2.122000,0.401000,2.603000,0.098000,1.160000,0.476000,0.956000,3.162000,0.888000,0.984000,-0.062000,0.102000,-0.031000
3.899,0.120000,2.190000,0.398000,2.571000,0.066000,1.160000,0.508000,0.542000,3.162000,0.855000,0.919000,-0.031000,0.000000,0.000000
3.969,0.219000,2.121000,0.468000,2.569000,0.197000,1.128000,0.508000,0.542000,3.228000,0.855000,0.951000,0.061000,0.000000,0.063000
4.018,0.186000,2.121000,0.468000,2.503000,0.098000,1.160000,0.541000,0.575000,3.228000,0.888000,0.984000,0.000000,0.000000,0.000000
4.079,0.120000,2.224000,0.435000,2.603000,0.066000,1.160000,0.476000,0.575000,3.228000,0.888000,1.082000,0.000000,0.071000,0.000000
4.153,0.153000,2.156000,0.432000,2.537000,0.098000,1.128000,0.476000,0.608000,3.228000,0.920000,1.017000,0.000000,-0.031000,0.032000
4.195,0.219000,2.156000,0.499000,2.503000,0.098000,1.160000,0.508000,0.575000,3.262000,0.985000,0.984000,-0.031000,0.000000,0.032000
4.258,0.186000,2.156000,0.468000,2.503000,0.098000,1.193000,0.541000,0.575000,3.262000,0.920000,1.017000,-0.031000,0.031000,-0.031000
4.341,0.153000,2.258000,0.468000,2.537000,0.131000,1.160000,0.508000,0.575000,3.295000,0.888000,1.017000,0.000000,0.000000,0.000000
4.391,0.120000,2.190000,0.468000,2.503000,0.098000,1.193000,0.508000,0.608000,3.295000,0.953000,1.017000,0.030000,-0.031000,0.000000
4.514,0.219000,2.190000,0.465000,2.503000,0.131000,1.160000,0.476000,0.673000,3.262000,0.953000,1.049000,0.000000,-0.031000,0.000000
4.554,0.153000,2.190000,0.465000,2.469000,0.164000,1.540000,0.541000,0.608000,3.328000,0.920000,1.114000,-0.062000,0.031000,-0.031000
4.643,0.120000,2.224000,0.465000,2.469000,0.131000,1.160000,0.573000,0.608000,3.262000,0.920000,0.984000,-0.031000,0.000000,0.283000
4.692,0.153000,2.190000,0.502000,2.537000,0.131000,1.225000,0.529000,0.673000,3.262000,1.018000,1.017000,-0.031000,-0.031000,-0.031000
4.749,0.153000,2.224000,0.499000,2.503000,0.098000,1.225000,0.508000,0.575000,3.520000,0.888000,1.017000,-0.031000,-0.031000,0.000000
4.822,0.153000,2.190000,0.533000,2.503000,0.197000,1.193000,0.606000,0.575000,3.394000,0.920000,1.017000,-0.031000,0.000000,0.126000
4.866,0.120000,2.224000,0.465000,2.469000,0.164000,1.193000,0.541000,0.608000,3.295000,0.888000,1.049000,0.227000,0.000000,-0.031000
4.951,0.153000,2.292000,0.465000,2.537000,0.164000,1.258000,0.508000,0.705000,3.262000,0.920000,0.984000,-0.031000,0.102000,0.000000
4.993,0.186000,2.224000,0.432000,2.503000,0.131000,1.193000,0.529000,0.575000,3.295000,0.953000,1.017000,-0.031000,0.000000,0.032000
5.046,0.219000,2.497000,0.567000,2.503000,0.255000,1.193000,0.606000,0.575000,3.328000,0.888000,1.017000,0.030000,0.000000,0.032000
5.101,0.120000,2.224000,0.502000,2.469000,0.131000,1.225000,0.541000,0.640000,3.328000,0.920000,1.049000,0.000000,0.031000,0.032000
5.162,0.120000,2.326000,0.499000,2.571000,0.164000,1.225000,0.508000,0.608000,3.328000,0.888000,1.082000,-0.031000,0.031000,0.032000
5.281,0.153000,2.224000,0.499000,2.503000,0.197000,1.193000,0.508000,0.640000,3.328000,0.953000,1.049000,0.030000,0.000000,0.063000
5.285,0.251000,2.258000,0.567000,2.503000,0.197000,1.193000,0.529000,0.640000,3.328000,0.953000,1.017000,0.000000,0.031000,0.000000
5.336,0.186000,2.224000,0.499000,2.503000,0.197000,1.193000,0.573000,0.608000,3.394000,0.920000,1.082000,0.000000,0.071000,0.000000
5.421,0.153000,2.326000,0.499000,2.537000,0.197000,1.193000,0.541000,0.608000,3.394000,0.888000,1.017000,0.000000,0.000000,0.000000
5.472,0.153000,2.258000,0.767000,2.537000,0.197000,1.258000,0.529000,0.673000,3.361000,0.985000,1.049000,0.061000,-0.031000,0.032000
5.472,0.251000,2.258000,0.533000,2.503000,0.197000,1.225000,0.529000,0.640000,3.328000,0.920000,1.082000,0.000000,0.000000,0.032000
5.536,0.186000,2.258000,0.533000,2.503000,0.230000,1.193000,0.606000,0.705000,3.394000,0.920000,1.114000,-0.031000,0.000000,0.000000
5.581,0.186000,2.258000,0.499000,2.503000,0.230000,1.193000,0.606000,0.608000,3.328000,0.953000,1.017000,-0.031000,0.031000,0.000000
5.660,0.186000,2.258000,0.499000,2.537000,0.164000,1.258000,0.562000,0.673000,3.328000,1.051000,1.017000,0.000000,0.031000,0.000000
5.717,0.186000,2.258000,0.567000,2.503000,0.164000,1.258000,0.529000,0.575000,3.361000,0.920000,1.049000,0.000000,0.000000,0.000000
5.766,0.153000,2.258000,0.533000,2.503000,0.230000,1.225000,0.606000,0.640000,3.427000,0.920000,1.082000,-0.031000,0.000000,0.126000
5.808,0.153000,2.292000,0.499000,2.503000,0.197000,1.388000,0.595000,0.640000,3.328000,0.920000,1.082000,-0.031000,0.000000,-0.031000
5.901,0.153000,2.326000,0.804000,2.537000,0.230000,1.291000,0.562000,0.705000,3.328000,0.953000,1.049000,-0.031000,0.102000,0.000000
5.953,0.153000,2.326000,0.533000,2.571000,0.164000,1.193000,0.562000,0.640000,3.586000,0.953000,1.049000,0.000000,0.000000,0.032000
6.012,0.219000,2.258000,0.567000,2.537000,0.288000,1.225000,0.627000,0.608000,3.328000,0.920000,1.049000,0.092000,0.000000,0.063000
6.061,0.153000,2.258000,0.533000,2.469000,0.197000,1.225000,0.573000,0.608000,3.394000,0.953000,1.082000,-0.031000,0.031000,0.000000
6.142,0.153000,2.360000,0.567000,2.571000,0.197000,1.323000,0.529000,0.640000,3.328000,0.920000,1.114000,-0.031000,0.031000,0.032000
6.197,0.153000,2.326000,0.533000,2.503000,0.230000,1.225000,0.562000,0.673000,3.586000,0.953000,1.082000,0.000000,0.000000,0.063000
6.241,0.251000,2.292000,0.598000,2.503000,0.288000,1.193000,0.953000,0.640000,3.328000,1.051000,1.049000,0.061000,0.031000,0.063000
6.302,0.153000,2.258000,0.499000,2.503000,0.164000,1.193000,0.562000,0.608000,3.394000,0.953000,1.114000,0.000000,0.031000,0.000000
6.428,0.153000,2.360000,0.533000,2.503000,0.197000,1.225000,0.541000,0.608000,3.394000,0.985000,1.082000,0.000000,0.000000,0.000000
6.482,0.153000,2.292000,0.533000,2.469000,0.197000,1.258000,0.529000,0.673000,3.361000,0.985000,1.082000,0.030000,0.000000,0.032000
6.547,0.251000,2.258000,0.668000,2.469000,0.230000,1.225000,0.529000,0.705000,3.328000,0.953000,1.082000,-0.031000,0.000000,0.032000
6.602,0.153000,2.292000,0.499000,2.537000,0.263000,1.193000,0.606000,0.640000,3.427000,0.953000,1.147000,-0.031000,0.000000,-0.031000
6.667,0.153000,2.395000,0.533000,2.503000,0.230000,1.193000,0.660000,0.608000,3.328000,0.985000,1.017000,-0.031000,0.031000,0.032000
6.723,0.153000,2.258000,0.533000,2.537000,0.197000,1.258000,0.562000,0.738000,3.361000,1.018000,1.049000,0.030000,-0.031000,0.000000
6.795,0.153000,2.258000,0.533000,2.469000,0.197000,1.258000,0.562000,0.608000,3.361000,0.953000,1.049000,0.000000,0.000000,0.000000
6.842,0.120000,2.258000,0.533000,2.469000,0.263000,1.225000,0.627000,0.640000,3.427000,0.920000,1.082000,-0.031000,-0.031000,0.095000
6.905,0.153000,2.292000,0.567000,2.503000,0.255000,1.193000,0.541000,0.640000,3.328000,0.920000,1.082000,-0.031000,0.000000,-0.031000
6.984,0.373000,2.326000,0.502000,2.537000,0.230000,1.291000,0.529000,0.705000,3.328000,0.953000,1.049000,-0.031000,0.133000,0.000000
7.096,0.153000,2.258000,0.567000,2.569000,0.197000,1.258000,0.562000,0.608000,3.361000,0.985000,1.049000,0.000000,-0.031000,0.000000
7.101,0.219000,2.258000,0.533000,2.537000,0.321000,1.225000,0.627000,0.640000,3.361000,0.953000,1.049000,0.061000,0.000000,0.032000
7.152,0.284000,2.258000,0.533000,2.503000,0.197000,1.225000,0.541000,0.640000,3.394000,0.953000,1.082000,0.000000,0.031000,0.032000
7.205,0.153000,2.326000,0.533000,2.537000,0.230000,1.323000,0.529000,0.640000,3.328000,0.953000,1.114000,0.000000,0.031000,0.032000
7.286,0.153000,2.326000,0.499000,2.503000,0.519000,1.258000,0.595000,0.673000,3.361000,0.985000,1.082000,0.030000,0.000000,0.063000
7.336,0.251000,2.258000,0.567000,2.469000,0.230000,1.193000,0.562000,0.640000,3.328000,1.018000,1.049000,0.061000,0.000000,0.000000
7.388,0.153000,2.258000,0.533000,2.537000,0.230000,1.193000,0.595000,0.640000,3.394000,0.953000,1.114000,0.000000,0.071000,0.000000
7.389,0.186000,2.360000,0.533000,2.503000,0.230000,1.225000,0.562000,0.640000,3.427000,0.953000,1.049000,0.000000,0.000000,0.000000
7.452,0.120000,2.258000,0.533000,2.503000,0.197000,1.258000,0.595000,0.673000,3.394000,1.018000,1.082000,0.061000,0.000000,0.000000
7.515,0.219000,2.258000,0.533000,2.503000,0.230000,1.193000,0.562000,0.705000,3.361000,0.985000,1.082000,-0.062000,0.000000,0.032000
7.564,0.153000,2.292000,0.533000,2.503000,0.263000,1.193000,0.595000,0.640000,3.394000,0.953000,1.147000,-0.031000,0.000000,0.000000
7.621,0.153000,2.292000,0.533000,2.503000,0.230000,1.193000,0.627000,0.608000,3.328000,0.985000,1.049000,-0.031000,0.000000,0.000000
7.704,0.153000,2.292000,0.567000,2.537000,0.197000,1.258000,0.595000,0.705000,3.361000,1.018000,1.049000,0.000000,0.000000,0.000000
7.760,0.120000,2.258000,0.533000,2.503000,0.230000,1.291000,0.529000,0.640000,3.361000,0.920000,1.049000,0.000000,-0.031000,0.000000
7.824,0.120000,2.258000,0.567000,2.503000,0.263000,1.225000,0.627000,0.673000,3.427000,0.953000,1.082000,-0.031000,0.000000,0.095000
7.881,0.153000,2.258000,0.499000,2.503000,0.230000,1.193000,0.541000,0.869000,3.394000,0.953000,1.049000,-0.031000,0.000000,-0.031000
7.920,0.153000,2.326000,0.499000,2.537000,0.230000,1.291000,0.529000,0.705000,3.361000,0.953000,1.049000,-0.031000,0.102000,-0.031000
7.983,0.153000,2.258000,0.499000,2.537000,0.197000,1.225000,0.562000,0.608000,3.361000,0.953000,1.049000,0.000000,-0.031000,0.000000
8.048,0.186000,2.258000,0.567000,2.503000,0.321000,1.225000,0.627000,0.608000,3.394000,0.953000,1.049000,0.030000,-0.031000,0.032000
8.112,0.120000,2.258000,0.598000,2.503000,0.197000,1.225000,0.541000,0.640000,3.394000,0.920000,1.082000,-0.031000,0.000000,0.000000
8.167,0.120000,2.326000,0.533000,2.537000,0.230000,1.323000,0.529000,0.640000,3.361000,0.953000,1.114000,-0.062000,0.031000,0.000000
8.226,0.120000,2.258000,0.533000,2.469000,0.486000,1.193000,0.541000,0.673000,3.361000,0.953000,1.049000,0.030000,0.000000,0.032000
8.360,0.219000,2.292000,0.567000,2.537000,0.321000,1.225000,0.562000,0.640000,3.361000,1.018000,1.049000,0.000000,0.000000,0.000000
8.417,0.153000,2.258000,0.567000,2.503000,0.197000,1.193000,0.606000,0.640000,3.394000,0.953000,1.082000,-0.031000,0.040000,-0.031000
8.463,0.153000,2.360000,0.499000,2.503000,0.230000,1.225000,0.541000,0.608000,3.394000,0.953000,1.049000,0.000000,0.000000,-0.031000
8.526,0.120000,2.258000,0.533000,2.469000,0.230000,1.225000,0.529000,0.673000,3.394000,0.985000,1.049000,0.030000,0.000000,0.000000
8.605,0.219000,2.224000,0.533000,2.469000,0.552000,1.225000,0.541000,0.738000,3.328000,0.920000,1.049000,-0.031000,-0.031000,-0.031000
8.653,0.120000,2.258000,0.499000,2.503000,0.263000,1.193000,0.606000,0.640000,3.427000,0.953000,1.114000,0.000000,0.031000,0.000000
8.707,0.120000,2.566000,0.533000,2.503000,0.230000,1.193000,0.627000,0.640000,3.328000,0.953000,1.017000,-0.062000,0.000000,-0.031000
8.780,0.153000,2.224000,0.499000,2.503000,0.197000,1.258000,0.562000,0.705000,3.361000,1.051000,1.017000,0.000000,-0.031000,-0.031000
8.844,0.120000,2.258000,0.533000,2.537000,0.197000,1.291000,0.529000,0.575000,3.361000,0.920000,1.049000,0.000000,-0.031000,-0.031000
8.876,0.120000,2.531000,0.598000,2.469000,0.263000,1.225000,0.627000,0.640000,3.454000,0.920000,1.049000,-0.062000,-0.031000,0.095000
8.944,0.153000,2.258000,0.499000,2.469000,0.230000,1.193000,0.562000,0.901000,3.427000,0.920000,1.082000,-0.031000,0.000000,0.000000
9.025,0.120000,2.326000,0.567000,2.571000,0.263000,1.323000,0.562000,0.738000,3.361000,0.953000,1.017000,-0.031000,0.133000,-0.031000
9.072,0.153000,2.360000,0.533000,2.569000,0.197000,1.193000,0.573000,0.608000,3.361000,0.953000,1.049000,0.000000,0.000000,0.032000
9.127,0.219000,2.566000,0.598000,2.503000,0.321000,1.225000,0.660000,0.673000,3.394000,0.953000,1.049000,0.030000,-0.031000,0.000000
9.192,0.120000,2.258000,0.533000,2.469000,0.230000,1.258000,0.573000,0.640000,3.427000,0.920000,1.082000,-0.031000,0.031000,0.000000
9.248,0.120000,2.395000,0.601000,2.571000,0.230000,1.323000,0.562000,0.640000,3.361000,0.920000,1.147000,-0.031000,0.071000,0.000000
9.307,0.153000,2.258000,0.567000,2.537000,0.263000,1.225000,0.562000,0.673000,3.361000,0.985000,1.049000,0.030000,0.000000,0.063000
9.307,0.251000,2.292000,0.598000,2.503000,0.288000,1.193000,0.562000,0.640000,3.361000,1.051000,1.049000,-0.031000,0.031000,0.000000
9.387,0.120000,2.224000,0.567000,2.503000,0.230000,1.193000,0.595000,0.640000,3.427000,0.920000,1.114000,-0.031000,0.040000,0.000000
9.433,0.153000,2.360000,0.567000,2.569000,0.230000,1.225000,0.541000,0.640000,3.420000,0.920000,1.049000,-0.031000,0.031000,-0.031000
9.493,0.088000,2.224000,0.533000,2.469000,0.197000,1.258000,0.888000,0.738000,3.361000,0.985000,1.082000,0.092000,-0.031000,0.000000
9.549,0.219000,2.258000,0.567000,2.469000,0.263000,1.258000,0.562000,0.673000,3.361000,0.920000,1.082000,-0.031000,0.000000,0.000000
9.633,0.120000,2.292000,0.499000,2.806000,0.288000,1.193000,0.606000,0.640000,3.427000,0.920000,1.147000,-0.031000,0.031000,-0.031000
9.683,0.120000,2.326000,0.533000,2.503000,0.230000,1.193000,0.660000,0.608000,3.361000,0.953000,1.049000,-0.031000,0.031000,0.000000
9.725,0.186000,2.258000,0.601000,2.603000,0.230000,1.323000,0.595000,0.738000,3.394000,1.051000,1.049000,0.000000,-0.031000,-0.031000
9.805,0.153000,2.258000,0.601000,2.503000,0.230000,1.323000,0.562000,0.640000,3.394000,0.953000,1.082000,0.000000,0.000000,0.000000
9.854,0.153000,2.600000,0.634000,2.503000,0.321000,1.258000,0.660000,0.673000,3.461000,0.953000,1.082000,-0.031000,0.000000,0.063000
9.895,0.153000,2.258000,0.533000,2.469000,0.255000,1.225000,0.573000,0.640000,3.394000,0.920000,1.082000,-0.031000,0.000000,-0.031000
9.973,0.153000,2.360000,0.567000,2.569000,0.263000,1.323000,0.562000,0.738000,3.328000,0.953000,1.049000,-0.031000,0.102000,-0.031000
10.020,0.153000,2.360000,0.567000,2.537000,0.230000,1.193000,0.573000,0.608000,3.361000,0.985000,1.049000,0.000000,-0.031000,0.063000
10.110,0.219000,2.258000,0.598000,2.569000,0.321000,1.193000,0.692000,0.608000,3.361000,0.953000,1.049000,0.030000,-0.031000,0.000000
10.139,0.120000,2.258000,0.567000,2.503000,0.197000,1.225000,0.541000,0.640000,3.394000,0.920000,1.114000,-0.031000,0.040000,0.000000
10.265,0.120000,2.360000,0.533000,2.603000,0.230000,1.291000,0.562000,0.705000,3.361000,0.920000,1.114000,-0.031000,0.000000,0.000000
10.354,0.120000,2.258000,0.567000,2.503000,0.263000,1.193000,0.529000,0.705000,3.361000,1.018000,1.049000,0.030000,0.000000,0.095000
10.385,0.219000,2.258000,0.632000,2.537000,0.321000,1.225000,0.573000,0.608000,3.361000,0.985000,1.049000,0.000000,0.226000,-0.031000
10.448,0.153000,2.258000,0.533000,2.537000,0.197000,1.225000,0.627000,0.608000,3.454000,0.920000,1.114000,0.000000,0.071000,-0.031000
10.512,0.153000,2.326000,0.567000,2.571000,0.230000,1.258000,0.529000,0.640000,3.420000,0.953000,1.017000,0.000000,-0.031000,0.000000
10.567,0.088000,2.224000,0.533000,2.537000,0.230000,1.291000,0.562000,0.705000,3.361000,1.018000,1.082000,0.061000,-0.031000,0.000000
10.626,0.219000,2.258000,0.598000,2.537000,0.255000,1.193000,0.562000,0.640000,3.361000,0.920000,1.082000,0.000000,0.000000,-0.031000
10.715,0.120000,2.258000,0.567000,2.571000,0.321000,1.225000,0.660000,0.640000,3.454000,0.953000,1.147000,-0.031000,0.000000,0.000000
10.744,0.153000,2.326000,0.567000,2.571000,0.230000,1.193000,0.595000,0.640000,3.361000,0.985000,1.049000,0.000000,0.031000,0.000000
10.824,0.186000,2.258000,0.567000,2.636000,0.230000,1.323000,0.562000,0.705000,3.394000,1.051000,1.049000,0.000000,0.000000,0.000000
10.883,0.219000,2.258000,0.533000,2.503000,0.230000,1.258000,0.562000,0.640000,3.686000,0.953000,1.049000,0.030000,0.000000,0.000000
10.937,0.120000,2.258000,0.598000,2.537000,0.354000,1.258000,0.660000,0.640000,3.461000,0.953000,1.049000,-0.031000,-0.031000,0.095000
10.996,0.120000,2.258000,0.567000,2.537000,0.230000,1.193000,0.595000,0.673000,3.361000,0.953000,1.114000,-0.031000,0.031000,0.000000
11.067,0.120000,2.360000,0.533000,2.603000,0.263000,1.323000,0.562000,0.738000,3.394000,0.953000,1.049000,-0.031000,0.133000,0.000000
11.122,0.153000,2.258000,0.567000,2.636000,0.230000,1.225000,0.595000,0.640000,3.394000,0.985000,1.278000,0.030000,0.000000,0.032000
11.175,0.219000,2.258000,0.598000,2.571000,0.354000,1.258000,0.660000,0.640000,3.394000,0.953000,1.049000,0.030000,-0.031000,0.000000
11.241,0.120000,2.224000,0.567000,2.537000,0.230000,1.291000,0.562000,0.640000,3.394000,0.953000,1.114000,-0.031000,0.071000,0.032000
11.241,0.120000,2.360000,0.601000,2.603000,0.263000,1.323000,0.562000,0.673000,3.361000,0.953000,1.082000,-0.031000,0.071000,0.000000
11.287,0.120000,2.258000,0.533000,2.569000,0.263000,1.225000,0.562000,0.673000,3.361000,1.018000,1.049000,0.030000,0.000000,0.095000
11.343,0.251000,2.292000,0.634000,2.537000,0.321000,1.225000,0.595000,0.640000,3.394000,1.018000,1.049000,-0.031000,0.031000,0.000000
11.455,0.153000,2.258000,0.601000,2.571000,0.230000,1.225000,0.595000,0.640000,3.454000,0.953000,1.147000,-0.031000,0.102000,-0.031000
11.484,0.153000,2.326000,0.533000,2.603000,0.230000,1.225000,0.573000,0.608000,3.420000,0.920000,1.017000,-0.031000,-0.031000,0.000000
11.531,0.120000,2.224000,0.601000,2.537000,0.230000,1.291000,0.529000,0.705000,3.361000,1.051000,1.082000,0.061000,-0.031000,0.032000
11.593,0.219000,2.292000,0.598000,2.537000,0.263000,1.291000,0.573000,0.673000,3.394000,0.953000,1.082000,-0.031000,0.000000,0.000000
11.647,0.120000,2.258000,0.533000,2.908000,0.321000,1.356000,0.627000,0.608000,3.487000,0.953000,1.147000,-0.031000,0.031000,-0.031000
11.722,0.153000,2.292000,0.567000,2.537000,0.230000,1.193000,0.627000,0.640000,3.394000,0.953000,1.049000,-0.031000,0.000000,-0.031000
11.792,0.120000,2.224000,0.804000,2.636000,0.222000,1.323000,0.562000,0.738000,3.394000,1.018000,1.082000,0.000000,-0.031000,0.000000
11.844,0.186000,2.258000,0.601000,2.537000,0.230000,1.258000,0.562000,0.608000,3.686000,0.953000,1.082000,0.000000,-0.031000,0.032000
11.908,0.120000,2.258000,0.632000,2.537000,0.354000,1.225000,0.660000,0.673000,3.461000,0.920000,1.082000,-0.031000,-0.031000,0.095000
11.968,0.153000,2.258000,0.533000,2.537000,0.230000,1.291000,0.541000,0.640000,3.361000,0.953000,1.114000,-0.031000,0.031000,0.000000
12.020,0.153000,2.360000,0.533000,2.636000,0.230000,1.323000,0.595000,0.738000,3.394000,0.985000,1.049000,-0.031000,0.071000,0.000000
12.086,0.153000,2.224000,0.533000,2.571000,0.230000,1.225000,0.888000,0.673000,3.394000,0.985000,1.049000,0.030000,0.000000,0.032000
12.204,0.219000,2.258000,0.668000,2.603000,0.321000,1.258000,0.660000,0.640000,3.394000,0.953000,1.082000,0.061000,-0.031000,0.032000
12.247,0.120000,2.258000,0.668000,2.569000,0.263000,1.225000,0.562000,0.640000,3.454000,0.953000,1.114000,-0.031000,0.061000,0.032000
12.306,0.186000,2.395000,0.668000,2.670000,0.263000,1.323000,0.562000,0.673000,3.394000,0.953000,1.147000,-0.031000,0.031000,0.000000
12.391,0.153000,2.292000,0.601000,2.571000,0.263000,1.225000,0.562000,0.705000,3.394000,1.018000,1.049000,0.061000,0.031000,0.095000
12.456,0.219000,2.292000,0.702000,2.571000,0.354000,1.225000,0.606000,0.640000,3.394000,1.018000,1.082000,0.030000,0.000000,0.032000
12.501,0.186000,2.292000,0.601000,2.603000,0.230000,1.225000,0.627000,0.640000,3.487000,0.953000,1.147000,0.000000,0.102000,0.000000
12.568,0.153000,2.360000,0.601000,2.670000,0.230000,1.225000,0.627000,0.673000,3.454000,0.953000,1.017000,0.000000,-0.031000,0.000000
12.626,0.120000,2.258000,0.601000,2.571000,0.263000,1.291000,0.921000,0.705000,3.394000,1.051000,1.082000,0.092000,0.000000,0.000000
12.673,0.186000,2.258000,0.632000,2.537000,0.486000,1.225000,0.562000,0.705000,3.394000,0.953000,1.082000,0.000000,0.031000,0.032000
12.751,0.120000,2.258000,0.567000,2.571000,0.321000,1.193000,0.627000,0.640000,3.487000,0.953000,1.180000,-0.031000,0.031000,0.000000
12.790,0.120000,2.258000,0.567000,2.571000,0.354000,1.193000,0.595000,0.640000,3.394000,0.985000,1.049000,-0.031000,0.031000,-0.031000
12.886,0.153000,2.258000,0.770000,2.636000,0.230000,1.291000,0.562000,0.738000,3.394000,1.051000,1.049000,0.030000,0.000000,0.000000
12.935,0.186000,2.258000,0.601000,2.537000,0.230000,1.291000,0.562000,0.673000,3.394000,0.953000,1.049000,0.030000,0.000000,0.032000
12.975,0.153000,2.566000,0.632000,2.569000,0.354000,1.225000,0.692000,0.640000,3.461000,0.953000,1.082000,-0.031000,0.000000,0.063000
13.034,0.120000,2.258000,0.567000,2.571000,0.255000,1.225000,0.562000,0.673000,3.361000,0.953000,1.082000,-0.031000,0.031000,0.000000
13.095,0.153000,2.395000,0.567000,2.636000,0.263000,1.323000,0.595000,0.738000,3.394000,0.953000,1.049000,-0.031000,0.102000,0.000000
13.171,0.153000,2.258000,0.601000,2.636000,0.263000,1.258000,0.595000,0.640000,3.394000,0.985000,1.278000,0.030000,0.000000,0.032000
13.171,0.219000,2.258000,0.632000,2.571000,0.354000,1.225000,0.660000,0.640000,3.394000,0.953000,1.049000,0.030000,0.031000,0.000000
13.214,0.120000,2.258000,0.634000,2.571000,0.230000,1.225000,0.562000,0.640000,3.427000,0.953000,1.114000,-0.031000,0.071000,0.000000
13.281,0.120000,2.360000,0.567000,2.670000,0.263000,1.323000,0.562000,0.673000,3.361000,0.920000,1.082000,-0.031000,0.000000,0.000000
13.322,0.120000,2.258000,0.601000,2.571000,0.288000,1.225000,0.529000,0.705000,3.361000,0.985000,1.017000,0.030000,0.000000,0.063000
13.408,0.186000,2.258000,0.632000,2.569000,0.321000,1.193000,0.573000,0.640000,3.361000,0.985000,1.049000,0.030000,0.000000,0.000000
13.472,0.120000,2.258000,0.601000,2.571000,0.263000,1.193000,0.627000,0.640000,3.461000,0.920000,1.147000,0.000000,0.102000,0.000000
13.508,0.120000,2.360000,0.567000,2.636000,0.230000,1.225000,0.627000,0.640000,3.394000,0.920000,1.017000,0.000000,-0.031000,-0.031000
13.567,0.120000,2.292000,0.601000,2.537000,0.255000,1.258000,0.562000,0.705000,3.394000,1.018000,1.082000,0.061000,0.000000,0.000000
13.677,0.186000,2.258000,0.668000,2.537000,0.288000,1.225000,0.573000,0.705000,3.394000,0.953000,1.049000,-0.031000,0.000000,0.000000
13.687,0.120000,2.258000,0.598000,2.537000,0.321000,1.193000,0.627000,0.673000,3.461000,0.953000,1.147000,-0.031000,0.031000,-0.031000
13.770,0.120000,2.258000,0.601000,2.571000,0.230000,1.193000,0.606000,0.640000,3.361000,0.953000,1.049000,-0.031000,0.031000,-0.031000
13.819,0.120000,2.258000,0.601000,2.603000,0.230000,1.291000,0.562000,0.738000,3.394000,1.018000,1.017000,0.000000,0.000000,-0.031000
13.873,0.120000,2.224000,0.601000,2.537000,0.230000,1.225000,0.562000,0.673000,3.394000,0.920000,1.049000,0.000000,0.000000,0.032000
13.950,0.120000,2.258000,0.668000,2.569000,0.354000,1.258000,0.660000,0.673000,3.461000,0.920000,1.049000,-0.031000,-0.031000,0.063000
14.009,0.120000,2.224000,0.634000,2.571000,0.288000,1.225000,0.529000,0.673000,3.361000,0.920000,1.049000,-0.031000,0.031000,-0.031000
14.128,0.120000,2.326000,0.601000,2.636000,0.230000,1.323000,0.562000,0.738000,3.361000,0.920000,1.017000,-0.031000,0.102000,-0.031000
14.180,0.120000,2.190000,0.601000,2.571000,0.230000,1.193000,0.888000,0.608000,3.361000,0.953000,1.017000,0.000000,0.031000,0.032000
14.236,0.219000,2.224000,0.702000,2.571000,0.321000,1.225000,0.660000,0.640000,3.361000,0.920000,1.017000,0.092000,-0.031000,0.000000
14.293,0.088000,2.224000,0.601000,2.537000,0.230000,1.605000,0.595000,0.640000,3.394000,0.920000,1.082000,-0.031000,0.071000,0.000000
14.360,0.088000,2.326000,0.567000,2.636000,0.230000,1.323000,0.529000,0.640000,3.361000,0.920000,1.049000,-0.031000,0.000000,0.000000
14.410,0.120000,2.224000,0.601000,2.571000,0.263000,1.225000,0.529000,0.705000,3.328000,0.985000,1.017000,0.061000,0.000000,0.095000
14.474,0.186000,2.224000,0.702000,2.537000,0.321000,1.193000,0.562000,0.608000,3.328000,0.920000,1.017000,-0.062000,0.000000,-0.031000
14.537,0.088000,2.190000,0.601000,2.874000,0.230000,1.225000,0.606000,0.640000,3.394000,0.888000,1.082000,-0.031000,0.102000,-0.031000
14.610,0.088000,2.292000,0.601000,2.636000,0.230000,1.225000,0.541000,0.608000,3.361000,0.888000,1.017000,0.000000,-0.031000,-0.031000
14.671,0.088000,2.190000,0.598000,2.503000,0.230000,1.291000,0.529000,0.705000,3.328000,0.985000,1.017000,0.061000,-0.031000,0.000000
14.730,0.186000,2.224000,0.668000,2.537000,0.230000,1.193000,0.529000,0.640000,3.328000,0.888000,1.049000,-0.031000,0.000000,-0.031000
14.769,0.088000,2.224000,0.567000,2.537000,0.321000,1.225000,0.627000,0.608000,3.454000,0.920000,1.114000,-0.031000,0.000000,-0.031000
14.832,0.088000,2.224000,0.567000,2.537000,0.230000,1.193000,0.627000,0.673000,3.328000,0.920000,1.017000,-0.031000,0.000000,-0.031000
14.927,0.088000,2.190000,0.567000,2.603000,0.585000,1.323000,0.529000,0.705000,3.361000,0.985000,1.017000,0.000000,-0.031000,-0.031000
14.959,0.153000,2.190000,0.598000,2.670000,0.230000,1.258000,0.529000,0.608000,3.361000,0.888000,1.017000,0.000000,-0.031000,0.032000
15.023,0.088000,2.190000,0.668000,2.537000,0.354000,1.225000,0.660000,0.640000,3.394000,0.888000,1.017000,-0.031000,0.000000,0.063000
15.080,0.219000,2.224000,0.601000,2.537000,0.263000,1.193000,0.529000,0.956000,3.361000,0.920000,1.049000,-0.031000,0.040000,0.000000
15.082,0.120000,2.326000,0.567000,2.636000,0.263000,1.356000,0.562000,0.803000,3.328000,0.920000,1.017000,-0.031000,0.133000,-0.031000
15.140,0.120000,2.190000,0.567000,2.569000,0.230000,1.225000,0.562000,0.640000,3.328000,0.953000,1.017000,0.030000,0.000000,0.032000
15.197,0.186000,2.190000,0.668000,2.571000,0.288000,1.225000,0.627000,0.608000,3.361000,0.888000,1.017000,0.092000,0.000000,-0.031000
15.271,0.055000,2.190000,0.598000,2.571000,0.255000,1.225000,0.541000,0.640000,3.361000,0.888000,1.082000,-0.031000,0.071000,0.000000
15.308,0.088000,2.292000,0.601000,2.670000,0.263000,1.291000,0.562000,0.673000,3.328000,0.888000,1.082000,-0.031000,0.031000,0.000000
15.387,0.088000,2.224000,0.634000,2.571000,0.263000,1.193000,0.921000,0.705000,3.328000,0.953000,1.017000,0.061000,0.000000,0.063000
15.430,0.153000,2.224000,0.632000,2.569000,0.321000,1.193000,0.562000,0.640000,3.295000,0.920000,1.017000,-0.031000,0.000000,0.000000
15.516,0.088000,2.190000,0.567000,2.571000,0.230000,1.193000,0.627000,0.608000,3.394000,0.888000,1.082000,-0.031000,0.071000,-0.031000
15.552,0.088000,2.292000,0.567000,2.603000,0.230000,1.225000,0.529000,0.640000,3.394000,0.920000,1.017000,0.000000,0.031000,0.000000
15.628,0.055000,2.190000,0.601000,2.537000,0.230000,1.291000,0.562000,0.738000,3.295000,1.018000,1.017000,0.061000,-0.031000,0.000000
15.689,0.153000,2.224000,0.634000,2.537000,0.263000,1.193000,0.541000,0.640000,3.295000,0.888000,1.017000,-0.062000,0.000000,-0.062000
15.740,0.055000,2.190000,0.533000,2.537000,0.321000,1.193000,0.627000,0.673000,3.394000,0.920000,1.114000,-0.031000,0.000000,-0.031000
15.787,0.055000,2.190000,0.567000,2.537000,0.230000,1.193000,0.606000,0.608000,3.328000,0.920000,1.017000,-0.031000,0.000000,0.000000
15.862,0.088000,2.190000,0.533000,2.603000,0.230000,1.291000,0.529000,0.705000,3.328000,0.985000,0.984000,0.000000,-0.031000,-0.031000
15.954,0.088000,2.326000,0.598000,2.537000,0.230000,1.225000,0.562000,0.640000,3.361000,0.888000,1.017000,-0.031000,0.000000,0.032000
16.032,0.088000,2.497000,0.702000,2.537000,0.354000,1.225000,0.660000,0.640000,3.454000,0.888000,1.049000,-0.031000,-0.031000,0.032000
16.117,0.088000,2.224000,0.601000,2.571000,0.288000,1.193000,0.562000,1.022000,3.328000,0.920000,1.082000,-0.031000,0.092000,-0.031000
16.168,0.055000,2.326000,0.601000,2.670000,0.230000,1.323000,0.562000,0.705000,3.328000,0.953000,1.017000,-0.031000,0.031000,-0.031000
16.227,0.088000,2.429000,0.601000,2.571000,0.230000,1.193000,0.595000,0.640000,3.328000,0.985000,1.017000,0.061000,0.000000,0.063000
16.280,0.186000,2.190000,0.702000,2.603000,0.354000,1.225000,0.660000,0.640000,3.328000,0.888000,0.984000,0.000000,0.000000,0.032000
16.329,0.055000,2.190000,0.634000,2.537000,0.263000,1.225000,0.562000,0.608000,3.394000,0.888000,1.082000,-0.031000,0.071000,0.000000
16.398,0.055000,2.292000,0.634000,2.603000,0.263000,1.323000,0.562000,0.673000,3.328000,0.888000,0.984000,-0.031000,0.031000,0.000000
16.498,0.088000,2.224000,0.601000,2.537000,0.263000,1.193000,0.562000,0.705000,3.295000,0.985000,0.984000,0.061000,0.000000,0.063000
16.530,0.186000,2.258000,0.666000,2.571000,0.288000,1.193000,0.562000,0.608000,3.295000,0.888000,1.017000,-0.031000,0.000000,-0.031000
16.589,0.088000,2.190000,0.601000,2.571000,0.263000,1.193000,0.627000,0.608000,3.394000,0.888000,1.114000,0.000000,0.071000,-0.031000
16.637,0.088000,2.224000,0.567000,2.571000,0.230000,1.225000,0.541000,0.608000,3.361000,0.888000,1.017000,0.000000,-0.031000,0.000000
16.692,0.088000,2.190000,0.601000,2.537000,0.230000,1.291000,0.529000,0.738000,3.295000,1.018000,1.017000,0.061000,-0.031000,0.000000
16.782,0.153000,2.190000,0.567000,2.537000,0.230000,1.193000,0.508000,0.673000,3.295000,0.888000,1.017000,-0.031000,0.000000,-0.062000
16.812,0.055000,2.190000,0.567000,2.571000,0.354000,1.193000,0.660000,0.608000,3.394000,0.920000,1.114000,-0.062000,0.000000,0.000000
16.878,0.088000,2.224000,0.567000,2.537000,0.230000,1.193000,0.573000,0.608000,3.328000,0.920000,0.984000,-0.031000,-0.031000,-0.031000
16.943,0.055000,2.190000,0.601000,2.670000,0.197000,1.291000,0.529000,0.705000,3.328000,1.018000,0.984000,0.000000,0.071000,-0.031000
16.986,0.153000,2.224000,0.601000,2.537000,0.230000,1.258000,0.562000,0.608000,3.328000,0.888000,1.017000,-0.031000,0.000000,0.032000
17.002,0.055000,2.429000,0.668000,2.537000,0.354000,1.193000,0.660000,0.640000,3.394000,0.920000,1.017000,-0.031000,0.000000,0.032000
17.071,0.055000,2.190000,0.601000,2.537000,0.263000,1.193000,0.541000,0.640000,3.295000,0.888000,1.017000,-0.031000,0.071000,-0.031000
17.114,0.088000,2.360000,0.601000,2.670000,0.197000,1.291000,0.562000,0.673000,3.295000,0.920000,0.984000,-0.031000,0.031000,-0.031000
17.173,0.088000,2.190000,0.601000,2.603000,0.230000,1.193000,0.562000,0.608000,3.295000,0.888000,0.984000,0.061000,0.000000,0.063000
17.261,0.186000,2.326000,0.668000,2.537000,0.321000,1.225000,0.660000,0.608000,3.328000,0.888000,0.984000,-0.031000,-0.031000,-0.031000
17.358,0.055000,2.190000,0.634000,2.537000,0.230000,1.225000,0.541000,0.608000,3.394000,0.888000,1.114000,-0.031000,0.071000,0.000000
17.364,0.055000,2.258000,0.601000,2.603000,0.230000,1.258000,0.529000,0.640000,3.295000,0.888000,1.017000,-0.031000,-0.031000,-0.031000
17.449,0.088000,2.224000,0.598000,2.537000,0.263000,1.193000,0.541000,0.738000,3.295000,1.018000,0.984000,0.092000,0.000000,0.063000
17.488,0.153000,2.224000,0.668000,2.571000,0.321000,1.193000,0.562000,0.608000,3.295000,0.888000,0.984000,-0.031000,0.000000,-0.031000
17.538,0.055000,2.224000,0.601000,2.571000,0.230000,1.193000,0.660000,0.608000,3.394000,0.888000,1.114000,0.000000,0.071000,-0.031000
17.595,0.088000,2.224000,0.601000,2.571000,0.387000,1.225000,0.541000,0.608000,3.328000,0.888000,0.984000,0.000000,-0.031000,0.000000
17.655,0.088000,2.156000,0.871000,2.571000,0.263000,1.356000,0.529000,0.738000,3.295000,0.985000,1.017000,0.061000,-0.031000,0.000000
17.717,0.088000,2.326000,0.634000,2.537000,0.263000,1.193000,0.529000,0.640000,3.295000,0.888000,1.017000,-0.031000,0.000000,-0.031000
17.775,0.088000,2.497000,0.598000,2.537000,0.354000,1.193000,0.692000,0.608000,3.394000,0.920000,1.082000,-0.031000,0.000000,-0.031000
17.831,0.088000,2.224000,0.601000,2.571000,0.230000,1.193000,0.573000,0.640000,3.295000,0.920000,0.984000,-0.031000,-0.031000,-0.031000
17.954,0.055000,2.190000,0.601000,2.670000,0.197000,1.323000,0.529000,0.705000,3.328000,0.953000,0.984000,0.000000,-0.031000,-0.031000
18.084,0.088000,2.224000,0.634000,2.537000,0.230000,1.225000,0.573000,0.640000,3.553000,0.888000,1.017000,-0.031000,0.000000,0.063000
18.120,0.055000,2.190000,0.702000,2.537000,0.354000,1.193000,0.660000,0.673000,3.328000,0.888000,1.017000,-0.031000,0.000000,0.032000
18.134,0.055000,2.224000,0.601000,2.537000,0.263000,1.193000,0.529000,0.640000,3.295000,0.888000,0.984000,-0.031000,0.102000,-0.031000
18.195,0.088000,2.292000,0.567000,2.636000,0.230000,1.291000,0.562000,0.673000,3.295000,0.920000,0.984000,-0.031000,0.031000,-0.031000
18.274,0.055000,2.156000,0.601000,2.569000,0.263000,1.193000,0.562000,0.640000,3.295000,0.888000,1.333000,0.092000,0.000000,0.063000
18.329,0.186000,2.531000,0.634000,2.569000,0.288000,1.225000,0.606000,0.608000,3.328000,0.888000,0.984000,0.030000,-0.031000,0.000000
18.392,0.022000,2.190000,0.601000,2.571000,0.230000,1.193000,0.541000,0.640000,3.295000,0.888000,1.147000,-0.031000,0.071000,0.000000
18.439,0.055000,2.224000,0.601000,2.603000,0.263000,1.225000,0.692000,0.640000,3.295000,0.888000,1.017000,-0.031000,0.000000,-0.031000
18.500,0.055000,2.190000,0.601000,2.537000,0.618000,1.160000,0.855000,0.608000,3.295000,1.018000,0.984000,0.061000,0.000000,0.126000
18.559,0.120000,2.156000,0.634000,2.537000,0.230000,1.193000,0.725000,0.640000,3.295000,0.920000,0.984000,0.000000,0.000000,-0.031000
18.617,0.088000,2.224000,0.601000,2.571000,0.222000,1.225000,0.541000,0.608000,3.427000,0.888000,1.114000,0.000000,0.102000,-0.031000
18.697,0.055000,2.156000,0.736000,2.636000,0.230000,1.225000,0.573000,0.608000,3.328000,0.888000,1.017000,0.000000,-0.031000,0.000000
18.798,0.120000,2.156000,0.871000,2.571000,0.230000,1.193000,0.562000,0.705000,3.295000,0.985000,1.017000,0.061000,-0.031000,0.000000
18.800,0.088000,2.326000,0.668000,2.537000,0.263000,1.193000,0.541000,0.673000,3.295000,0.888000,1.017000,-0.031000,0.031000,-0.031000
18.880,0.055000,2.190000,0.598000,2.569000,0.387000,1.193000,0.725000,0.640000,3.394000,0.920000,1.049000,-0.031000,0.000000,-0.031000
18.915,0.055000,2.156000,0.567000,2.571000,0.230000,1.193000,0.573000,0.608000,3.295000,0.920000,0.984000,-0.031000,-0.031000,-0.031000
18.915,0.088000,2.122000,0.736000,2.636000,0.230000,1.323000,0.508000,0.673000,3.295000,0.953000,0.984000,0.000000,-0.031000,-0.031000
18.992,0.055000,2.156000,0.601000,2.537000,0.230000,1.225000,0.541000,0.640000,3.328000,0.888000,1.017000,-0.031000,0.000000,0.063000
19.036,0.055000,2.326000,0.668000,2.537000,0.321000,1.193000,0.595000,0.640000,3.394000,0.888000,1.017000,-0.031000,0.000000,0.000000
19.115,0.055000,2.190000,0.598000,2.537000,0.230000,1.225000,0.529000,0.640000,3.328000,0.888000,0.984000,-0.062000,0.102000,-0.031000
19.190,0.055000,2.326000,0.601000,2.636000,0.230000,1.291000,0.562000,0.673000,3.295000,0.920000,0.984000,-0.031000,0.000000,-0.031000
19.247,0.055000,2.156000,0.601000,2.571000,0.263000,1.193000,0.921000,0.608000,3.295000,0.888000,0.984000,0.092000,0.000000,0.063000
19.280,0.120000,2.156000,0.668000,2.537000,0.230000,1.225000,0.573000,0.608000,3.328000,0.888000,0.984000,-0.031000,-0.031000,-0.031000
19.365,0.055000,2.190000,0.634000,2.603000,0.230000,1.225000,0.541000,0.608000,3.295000,0.888000,1.114000,-0.031000,0.071000,0.000000
19.399,0.055000,2.224000,0.601000,2.636000,0.263000,1.258000,0.541000,0.640000,3.295000,0.888000,1.017000,-0.031000,-0.031000,0.000000
19.479,0.088000,2.190000,0.634000,2.537000,0.263000,1.193000,0.529000,0.608000,3.620000,1.018000,0.984000,0.061000,0.000000,0.095000
19.537,0.120000,2.360000,0.634000,2.571000,0.197000,1.193000,0.573000,0.608000,3.295000,0.920000,1.017000,-0.031000,0.000000,-0.031000
19.596,0.088000,2.224000,0.601000,2.537000,0.230000,1.193000,0.541000,0.608000,3.427000,0.855000,1.049000,-0.031000,0.031000,0.063000
19.638,0.022000,2.224000,0.634000,2.571000,0.230000,1.193000,0.855000,0.608000,3.328000,0.888000,0.984000,0.000000,-0.031000,0.000000
19.718,0.120000,2.156000,0.601000,2.537000,0.585000,1.225000,0.529000,0.738000,3.295000,0.953000,1.017000,-0.031000,0.000000,-0.031000
19.790,0.055000,2.190000,0.634000,2.537000,0.263000,1.193000,0.541000,0.673000,3.328000,0.888000,1.049000,-0.031000,0.031000,-0.031000
19.902,0.055000,2.190000,0.634000,2.569000,0.230000,1.193000,0.692000,0.608000,3.394000,0.920000,0.984000,-0.062000,0.000000,-0.031000
19.955,0.055000,2.224000,0.634000,2.571000,0.230000,1.193000,0.595000,0.640000,3.295000,0.953000,0.984000,0.000000,-0.031000,-0.031000
20.008,0.055000,2.156000,0.634000,2.571000,0.255000,1.323000,0.562000,0.640000,3.361000,0.888000,1.017000,0.000000,0.000000,0.000000
20.064,0.055000,2.190000,0.634000,2.537000,0.263000,1.225000,0.573000,0.673000,3.394000,0.888000,1.017000,-0.031000,0.000000,0.126000
20.144,0.055000,2.156000,0.601000,2.537000,0.288000,1.193000,0.660000,0.673000,3.361000,0.888000,1.049000,-0.031000,0.000000,0.000000
20.184,0.055000,2.190000,0.601000,2.571000,0.222000,1.225000,0.529000,0.705000,3.295000,0.888000,0.984000,-0.062000,0.102000,-0.031000
20.267,0.055000,2.156000,0.601000,2.636000,0.230000,1.225000,0.562000,0.640000,3.295000,0.920000,0.984000,-0.031000,0.000000,-0.031000
20.296,0.120000,2.156000,0.634000,2.571000,0.288000,1.193000,0.562000,0.608000,3.328000,0.888000,0.984000,0.092000,0.000000,0.063000
20.381,0.055000,2.156000,0.668000,2.537000,0.255000,1.225000,0.606000,0.608000,3.328000,0.888000,1.017000,0.000000,0.000000,0.000000
20.428,0.055000,2.190000,0.601000,2.603000,0.230000,1.225000,0.562000,0.640000,3.262000,0.888000,1.180000,-0.031000,0.071000,0.000000
20.498,0.055000,2.258000,0.601000,2.603000,0.263000,1.258000,0.541000,0.640000,3.262000,0.920000,1.017000,-0.031000,0.000000,0.000000
20.568,0.088000,2.190000,0.666000,2.537000,0.197000,1.193000,0.595000,0.608000,3.295000,1.018000,0.984000,0.061000,0.000000,0.063000
20.633,0.088000,2.156000,0.601000,2.738000,0.288000,1.193000,0.573000,0.608000,3.295000,0.920000,1.017000,0.000000,0.000000,0.000000
20.670,0.088000,2.258000,0.634000,2.569000,0.230000,1.573000,0.541000,0.640000,3.394000,0.888000,1.017000,0.000000,0.031000,-0.031000
20.721,0.055000,2.156000,0.634000,2.537000,0.519000,1.225000,0.541000,0.640000,3.328000,0.920000,1.017000,0.000000,-0.031000,0.000000
20.799,0.120000,2.190000,0.634000,2.537000,0.263000,1.193000,0.541000,0.705000,3.295000,0.920000,1.114000,-0.031000,-0.031000,0.000000
20.845,0.055000,2.463000,0.601000,2.537000,0.230000,1.193000,0.562000,0.673000,3.394000,0.920000,1.082000,-0.031000,0.031000,-0.031000
20.845,0.088000,2.497000,0.634000,2.537000,0.230000,1.193000,0.660000,0.608000,3.328000,0.920000,1.017000,-0.031000,0.000000,-0.031000
20.899,0.088000,2.156000,0.601000,2.571000,0.230000,1.225000,0.562000,0.673000,3.295000,0.953000,1.017000,0.000000,-0.031000,-0.031000
20.997,0.055000,2.156000,0.634000,2.537000,0.197000,1.323000,0.529000,0.673000,3.328000,0.855000,0.984000,0.000000,0.000000,0.000000
21.022,0.022000,2.497000,0.634000,2.537000,0.263000,1.258000,0.606000,0.608000,3.361000,0.888000,1.017000,-0.031000,0.000000,0.095000
21.077,0.055000,2.190000,0.601000,2.571000,0.288000,1.193000,0.573000,0.640000,3.262000,0.888000,1.049000,0.227000,0.000000,0.000000
21.132,0.055000,2.190000,0.634000,2.571000,0.263000,1.258000,0.529000,0.705000,3.295000,0.920000,0.984000,-0.031000,0.133000,-0.031000
21.202,0.055000,2.190000,0.601000,2.603000,0.230000,1.225000,0.573000,0.640000,3.295000,0.920000,0.984000,-0.031000,0.031000,-0.031000
21.284,0.120000,2.156000,0.632000,2.569000,0.321000,1.193000,0.660000,0.608000,3.328000,0.888000,0.984000,0.092000,0.000000,0.032000
21.364,0.055000,2.156000,0.702000,2.537000,0.197000,1.225000,0.541000,0.608000,3.295000,1.181000,1.017000,-0.031000,0.000000,-0.031000
21.381,0.186000,2.190000,0.634000,2.603000,0.230000,1.225000,0.529000,0.989000,3.262000,0.888000,1.147000,-0.062000,0.071000,0.000000
21.444,0.055000,2.190000,0.601000,2.537000,0.263000,1.193000,0.541000,0.640000,3.586000,0.888000,1.049000,-0.031000,0.000000,0.000000
21.513,0.120000,2.190000,0.634000,2.537000,0.263000,1.193000,0.562000,0.608000,3.295000,0.985000,0.984000,0.000000,0.000000,0.032000
21.562,0.088000,2.156000,0.634000,2.537000,0.197000,1.193000,0.562000,0.608000,3.295000,0.920000,1.017000,-0.031000,0.031000,-0.031000
21.608,0.055000,2.224000,0.601000,2.537000,0.230000,1.225000,0.541000,0.956000,3.427000,0.888000,1.082000,-0.031000,0.031000,0.000000
21.704,0.055000,2.156000,0.634000,2.537000,0.230000,1.225000,0.541000,0.640000,3.328000,0.920000,0.984000,0.030000,-0.031000,0.000000
21.799,0.120000,2.224000,0.634000,2.571000,0.263000,1.193000,0.541000,0.705000,3.295000,0.920000,1.017000,-0.031000,0.000000,0.000000
21.880,0.055000,2.190000,0.601000,2.537000,0.263000,1.193000,0.573000,0.640000,3.328000,0.920000,1.082000,-0.031000,0.031000,-0.031000
21.936,0.055000,2.190000,0.634000,2.537000,0.230000,1.193000,0.692000,0.640000,3.394000,0.920000,0.984000,-0.031000,0.000000,0.220000
21.991,0.055000,2.190000,0.601000,2.571000,0.230000,1.225000,0.562000,0.705000,3.295000,0.985000,0.984000,0.000000,0.000000,-0.031000
22.088,0.055000,2.156000,0.601000,2.537000,0.230000,1.291000,0.508000,0.608000,3.295000,0.888000,0.984000,0.000000,-0.031000,0.000000
22.114,0.022000,2.497000,0.634000,2.503000,0.263000,1.225000,0.627000,0.640000,3.361000,0.888000,1.017000,-0.031000,0.000000,0.095000
22.160,0.055000,2.156000,0.601000,2.503000,0.321000,1.193000,0.606000,0.869000,3.361000,0.888000,1.017000,-0.031000,0.000000,-0.031000
22.245,0.055000,2.224000,0.601000,2.603000,0.230000,1.291000,0.562000,0.738000,3.262000,0.888000,0.984000,-0.031000,0.102000,0.000000
22.281,0.055000,2.258000,0.601000,2.569000,0.230000,1.193000,0.573000,0.608000,3.262000,0.920000,0.984000,-0.031000,-0.031000,0.000000
22.359,0.088000,2.497000,0.634000,2.571000,0.321000,1.225000,0.660000,0.608000,3.295000,0.888000,0.984000,0.092000,0.000000,0.032000
22.394,0.055000,2.122000,0.601000,2.537000,0.230000,1.225000,0.573000,0.901000,3.295000,0.888000,1.017000,-0.062000,0.000000,-0.031000
22.471,0.055000,2.258000,0.634000,2.603000,0.230000,1.291000,0.529000,0.640000,3.295000,0.888000,1.049000,-0.031000,0.031000,0.000000
22.514,0.055000,2.190000,0.567000,2.503000,0.230000,1.193000,0.508000,0.640000,3.262000,0.920000,0.984000,0.030000,0.000000,0.032000
22.604,0.120000,2.224000,0.668000,2.537000,0.288000,1.193000,0.562000,0.608000,3.295000,0.953000,0.984000,-0.031000,0.000000,-0.031000
22.649,0.120000,2.156000,0.634000,2.806000,0.263000,1.193000,0.573000,0.608000,3.328000,0.920000,1.049000,0.000000,0.071000,-0.031000
22.701,0.055000,2.258000,0.567000,2.603000,0.230000,1.225000,0.541000,0.608000,3.328000,0.888000,0.984000,-0.031000,-0.031000,-0.031000
22.791,0.022000,2.122000,0.601000,2.537000,0.197000,1.225000,0.529000,0.705000,3.328000,0.953000,1.017000,0.061000,-0.031000,0.000000
22.791,0.153000,2.156000,0.601000,2.537000,0.230000,1.193000,0.529000,0.673000,3.295000,0.855000,1.017000,0.000000,-0.031000,0.000000
22.847,0.055000,2.497000,0.598000,2.537000,0.263000,1.193000,0.606000,0.640000,3.361000,0.888000,1.082000,-0.031000,0.000000,-0.031000
22.895,0.055000,2.190000,0.533000,2.537000,0.197000,1.193000,0.606000,0.608000,3.262000,0.920000,0.984000,-0.031000,0.000000,-0.031000
22.952,0.055000,2.156000,0.567000,2.571000,0.230000,1.258000,0.562000,0.705000,3.295000,0.985000,0.984000,0.000000,-0.031000,-0.031000
23.031,0.055000,2.190000,0.634000,2.537000,0.197000,1.225000,0.529000,0.640000,3.328000,0.855000,0.984000,0.000000,-0.031000,0.000000
23.067,0.022000,2.156000,0.668000,2.503000,0.288000,1.225000,0.606000,0.640000,3.394000,0.888000,1.017000,-0.031000,0.000000,0.095000
23.138,0.022000,2.156000,0.601000,2.503000,0.230000,1.160000,0.541000,0.640000,3.262000,0.920000,1.017000,-0.062000,0.031000,-0.031000
23.202,0.055000,2.224000,0.601000,2.571000,0.197000,1.291000,0.562000,0.705000,3.262000,0.920000,0.984000,-0.031000,0.102000,-0.031000
23.234,0.055000,2.156000,0.567000,2.571000,0.230000,1.160000,0.562000,0.640000,3.262000,0.920000,0.984000,0.000000,0.000000,0.000000
23.301,0.120000,2.156000,0.668000,2.537000,0.288000,1.193000,0.627000,0.608000,3.295000,0.888000,0.984000,0.030000,0.000000,0.000000
23.367,0.022000,2.122000,0.634000,2.537000,0.197000,1.225000,0.541000,0.608000,3.295000,1.116000,1.017000,-0.031000,0.031000,0.000000
23.408,0.055000,2.224000,0.634000,2.636000,0.230000,1.323000,0.529000,0.640000,3.262000,0.888000,1.082000,-0.031000,0.031000,0.000000
23.504,0.055000,2.224000,0.601000,2.537000,0.263000,1.193000,0.541000,0.673000,3.454000,0.953000,0.984000,0.030000,0.031000,0.032000
23.580,0.120000,2.224000,0.668000,2.537000,0.288000,1.193000,0.562000,0.640000,3.295000,0.920000,0.984000,0.000000,0.000000,-0.031000
23.600,0.022000,2.122000,0.567000,2.537000,0.197000,1.193000,0.573000,0.673000,3.328000,0.888000,1.049000,-0.031000,0.071000,-0.031000
23.736,0.055000,2.224000,0.601000,2.571000,0.197000,1.193000,0.541000,0.608000,3.295000,0.855000,0.951000,0.030000,-0.031000,-0.031000
23.788,0.055000,2.156000,0.601000,2.503000,0.197000,1.258000,0.529000,0.673000,3.262000,0.953000,1.017000,0.061000,-0.031000,0.000000
23.841,0.120000,2.122000,0.634000,2.503000,0.230000,1.160000,0.725000,0.673000,3.262000,0.855000,1.017000,-0.062000,-0.031000,-0.031000
23.940,0.022000,2.190000,0.601000,2.503000,0.263000,1.193000,0.606000,0.608000,3.328000,0.888000,1.082000,-0.031000,0.000000,-0.031000
23.962,0.022000,2.224000,0.634000,2.537000,0.197000,1.193000,0.573000,0.608000,3.262000,0.920000,0.984000,-0.031000,0.000000,-0.031000
24.055,0.055000,2.122000,0.601000,2.603000,0.197000,1.291000,0.529000,0.705000,3.295000,0.985000,0.984000,0.000000,-0.031000,-0.031000
24.096,0.120000,2.224000,0.634000,2.503000,0.197000,1.225000,0.541000,0.608000,3.586000,0.888000,0.984000,0.000000,-0.031000,0.000000
24.149,0.055000,2.190000,0.668000,2.503000,0.321000,1.225000,0.660000,0.640000,3.394000,0.888000,1.017000,-0.031000,-0.031000,0.095000
24.202,0.055000,2.156000,0.601000,2.503000,0.230000,1.193000,0.573000,0.640000,3.295000,0.888000,1.017000,-0.031000,0.031000,-0.031000
24.280,0.055000,2.258000,0.601000,2.636000,0.230000,1.356000,0.562000,0.705000,3.295000,0.920000,0.984000,-0.031000,0.071000,0.000000
24.342,0.055000,2.156000,0.668000,2.571000,0.230000,1.193000,0.573000,0.608000,3.295000,0.920000,0.984000,0.000000,0.000000,0.032000
24.384,0.153000,2.190000,0.668000,2.537000,0.321000,1.225000,0.627000,0.608000,3.295000,0.888000,0.984000,0.061000,0.000000,0.063000
24.474,0.055000,2.156000,0.634000,2.503000,0.197000,1.225000,0.541000,0.891000,3.328000,0.888000,1.049000,-0.031000,0.040000,0.000000
24.504,0.022000,2.292000,0.634000,2.603000,0.230000,1.291000,0.529000,0.640000,3.295000,0.888000,1.049000,-0.031000,0.000000,0.000000
24.574,0.055000,2.190000,0.634000,2.503000,0.230000,1.193000,0.529000,0.673000,3.295000,0.953000,0.984000,0.030000,0.000000,0.032000
24.626,0.153000,2.156000,0.666000,2.537000,0.288000,1.193000,0.562000,0.608000,3.262000,0.953000,0.984000,0.000000,0.000000,0.000000
24.685,0.055000,2.156000,0.668000,2.537000,0.230000,1.193000,0.606000,0.640000,3.361000,0.985000,1.082000,0.000000,0.102000,-0.031000
24.685,0.055000,2.224000,0.634000,2.603000,0.230000,1.193000,0.541000,0.608000,3.295000,0.888000,0.984000,0.000000,-0.031000,0.000000
24.743,0.022000,2.122000,0.632000,2.503000,0.197000,1.258000,0.508000,0.673000,3.262000,0.985000,1.017000,0.092000,-0.031000,0.000000
24.818,0.120000,2.190000,0.668000,2.503000,0.230000,1.193000,0.529000,0.673000,3.295000,0.888000,1.017000,-0.031000,0.000000,-0.031000
24.884,0.055000,2.190000,0.598000,2.503000,0.263000,1.193000,0.660000,0.608000,3.361000,0.920000,1.082000,-0.031000,0.000000,-0.031000
24.944,0.022000,2.224000,0.601000,2.537000,0.230000,1.160000,0.573000,0.608000,3.295000,0.920000,0.984000,-0.031000,-0.031000,-0.031000
24.998,0.088000,2.156000,0.634000,2.603000,0.197000,1.291000,0.921000,0.705000,3.295000,1.018000,0.984000,0.000000,-0.031000,-0.031000
25.055,0.088000,2.156000,0.601000,2.503000,0.197000,1.225000,0.627000,0.640000,3.295000,0.888000,0.984000,0.000000,0.000000,0.032000
25.105,0.022000,2.156000,0.702000,2.503000,0.321000,1.193000,0.660000,0.608000,3.394000,0.888000,1.017000,-0.031000,0.000000,0.063000
25.185,0.055000,2.156000,0.598000,2.503000,0.255000,1.193000,0.541000,0.640000,3.295000,0.888000,1.049000,-0.031000,0.040000,-0.031000
25.237,0.055000,2.258000,0.804000,2.603000,0.230000,1.323000,0.562000,0.705000,3.262000,0.920000,0.984000,-0.031000,0.071000,-0.031000
25.288,0.022000,2.156000,0.601000,2.571000,0.197000,1.225000,0.562000,0.608000,3.262000,0.920000,0.984000,0.030000,0.000000,0.032000
25.331,0.153000,2.156000,0.668000,2.537000,0.288000,1.193000,0.660000,0.608000,3.295000,0.888000,0.984000,0.000000,0.000000,0.000000
25.406,0.022000,2.156000,0.634000,2.503000,0.230000,1.225000,0.541000,0.640000,3.361000,0.888000,1.049000,-0.031000,0.071000,0.000000
25.475,0.055000,2.292000,0.634000,2.571000,0.230000,1.291000,0.562000,0.640000,3.361000,0.888000,1.017000,-0.031000,0.000000,0.000000
25.523,0.055000,2.190000,0.634000,2.537000,0.230000,1.193000,0.529000,0.705000,3.262000,0.985000,0.984000,0.061000,0.000000,0.095000
25.666,0.153000,2.190000,0.666000,2.537000,0.255000,1.193000,0.562000,0.608000,3.262000,0.888000,0.984000,-0.031000,0.000000,0.000000
25.706,0.055000,2.190000,0.634000,2.537000,0.197000,1.193000,0.660000,0.640000,3.394000,0.888000,1.082000,-0.031000,0.071000,-0.031000
25.782,0.055000,2.258000,0.634000,2.571000,0.230000,1.225000,0.573000,0.640000,3.361000,0.888000,0.984000,0.000000,0.000000,-0.031000
25.823,0.055000,2.190000,0.634000,2.537000,0.263000,1.291000,0.529000,0.738000,3.262000,0.985000,1.017000,0.092000,-0.031000,0.000000
25.904,0.120000,2.156000,0.702000,2.537000,0.230000,1.193000,0.529000,0.640000,3.295000,0.888000,1.017000,-0.031000,0.000000,-0.031000
25.957,0.055000,2.190000,0.634000,2.537000,0.321000,1.193000,0.660000,0.640000,3.394000,0.920000,1.082000,0.000000,0.000000,-0.031000
26.005,0.055000,2.190000,0.668000,2.537000,0.197000,1.193000,0.606000,0.608000,3.295000,0.920000,1.017000,-0.031000,-0.031000,-0.031000
26.092,0.055000,2.156000,0.601000,2.636000,0.197000,1.323000,0.758000,0.738000,3.328000,0.985000,0.984000,0.000000,-0.031000,-0.031000
26.165,0.088000,2.156000,0.634000,2.537000,0.197000,1.323000,0.562000,0.608000,3.328000,0.888000,1.017000,-0.031000,0.000000,0.032000
26.191,0.055000,2.156000,0.699000,2.537000,0.354000,1.193000,0.660000,0.640000,3.394000,0.888000,1.017000,-0.031000,0.000000,0.063000
26.267,0.153000,2.190000,0.634000,2.537000,0.230000,1.193000,0.541000,0.673000,3.295000,0.888000,1.049000,-0.031000,0.040000,-0.031000
26.308,0.022000,2.258000,0.634000,2.603000,0.197000,1.291000,0.562000,0.705000,3.295000,0.888000,0.984000,-0.031000,0.040000,-0.031000
26.367,0.055000,2.122000,0.668000,2.571000,0.230000,1.225000,0.595000,0.640000,3.295000,0.953000,0.984000,0.061000,0.000000,0.032000
26.434,0.153000,2.156000,0.736000,2.537000,0.321000,1.225000,0.692000,0.608000,3.328000,0.888000,0.984000,0.061000,0.031000,-0.031000
26.475,0.022000,2.156000,0.668000,2.537000,0.230000,1.225000,0.541000,0.640000,3.361000,0.888000,1.082000,-0.031000,0.071000,0.000000
26.559,0.022000,2.258000,0.601000,2.603000,0.230000,1.291000,0.529000,0.640000,3.262000,0.888000,0.984000,-0.031000,-0.031000,0.000000
26.610,0.055000,2.190000,0.634000,2.503000,0.197000,1.160000,0.529000,0.705000,3.295000,0.953000,0.984000,0.092000,0.000000,0.095000
26.610,0.153000,2.156000,0.632000,2.537000,0.222000,1.193000,0.562000,0.738000,3.262000,0.888000,0.984000,-0.062000,0.000000,0.000000
26.669,0.055000,2.156000,0.601000,2.537000,0.197000,1.193000,0.595000,0.608000,3.394000,0.888000,1.082000,-0.031000,0.071000,-0.031000
26.727,0.055000,2.224000,0.634000,2.571000,0.197000,1.225000,0.541000,0.608000,3.295000,0.888000,0.984000,0.000000,-0.031000,0.000000
26.812,0.022000,2.156000,0.905000,2.537000,0.197000,1.291000,0.529000,0.705000,3.262000,0.985000,1.017000,0.061000,-0.031000,0.000000
26.870,0.120000,2.156000,0.668000,2.503000,0.230000,1.193000,0.541000,0.640000,3.262000,0.888000,1.017000,-0.031000,0.000000,-0.031000
26.918,0.022000,2.156000,0.601000,2.503000,0.288000,1.193000,0.660000,0.608000,3.394000,0.888000,1.082000,0.000000,0.000000,-0.031000
26.970,0.022000,2.224000,0.634000,2.537000,0.230000,1.193000,0.595000,0.608000,3.262000,0.920000,0.984000,-0.031000,0.000000,-0.031000
27.039,0.055000,2.156000,0.601000,2.636000,0.486000,1.323000,0.529000,0.705000,3.295000,0.985000,0.984000,0.000000,0.000000,-0.031000
27.087,0.088000,2.156000,0.634000,2.503000,0.230000,1.225000,0.573000,0.608000,3.295000,0.920000,0.984000,0.030000,0.000000,0.032000
27.168,0.022000,2.156000,0.702000,2.503000,0.354000,1.193000,0.660000,0.640000,3.394000,0.888000,1.017000,0.000000,-0.031000,0.063000
27.259,0.022000,2.326000,0.634000,2.537000,0.230000,1.193000,0.541000,0.640000,3.262000,0.888000,1.049000,-0.031000,0.031000,0.000000
27.266,0.055000,2.292000,0.601000,2.636000,0.197000,1.291000,0.562000,0.803000,3.262000,0.920000,1.017000,-0.031000,0.102000,0.000000
27.374,0.055000,2.156000,0.598000,2.537000,0.197000,1.193000,0.562000,0.640000,3.262000,0.953000,0.984000,0.030000,-0.031000,0.063000
27.388,0.120000,2.497000,0.702000,2.537000,0.321000,1.225000,0.627000,0.640000,3.295000,0.953000,0.984000,0.000000,-0.031000,0.000000
27.471,0.251000,2.156000,0.634000,2.537000,0.197000,1.225000,0.541000,0.989000,3.328000,0.888000,1.049000,-0.031000,0.071000,0.000000
27.613,0.022000,2.258000,0.668000,2.603000,0.230000,1.291000,0.529000,0.673000,3.262000,0.888000,1.049000,-0.031000,0.031000,0.032000
27.639,0.055000,2.156000,0.634000,2.503000,0.230000,1.193000,0.529000,0.705000,3.262000,0.985000,0.984000,0.061000,0.000000,0.095000
27.710,0.120000,2.156000,0.666000,2.537000,0.255000,1.193000,0.562000,0.608000,3.295000,0.920000,0.984000,0.000000,0.000000,-0.031000
27.764,0.022000,2.156000,0.634000,2.537000,0.197000,1.193000,0.627000,0.640000,3.361000,0.888000,1.082000,0.000000,0.102000,-0.031000
27.832,0.022000,2.258000,0.668000,2.603000,0.197000,1.225000,0.541000,0.640000,3.361000,0.888000,1.049000,0.000000,0.031000,-0.031000
27.873,0.022000,2.156000,0.632000,2.537000,0.197000,1.291000,0.529000,0.705000,3.328000,0.985000,1.017000,0.061000,-0.031000,0.000000
27.928,0.120000,2.156000,0.668000,2.503000,0.230000,1.323000,0.573000,0.673000,3.262000,0.888000,1.049000,-0.031000,0.000000,0.000000
27.988,0.055000,2.190000,0.634000,2.503000,0.288000,1.193000,0.627000,0.640000,3.361000,0.920000,1.147000,-0.031000,0.031000,-0.031000
28.049,0.022000,2.156000,0.598000,2.537000,0.387000,1.193000,0.627000,0.640000,3.295000,0.920000,1.017000,-0.031000,0.031000,0.000000
28.127,0.022000,2.122000,0.601000,2.636000,0.197000,1.291000,0.562000,0.738000,3.295000,0.985000,0.984000,0.000000,0.000000,-0.031000
28.178,0.022000,2.224000,0.601000,2.503000,0.197000,1.193000,0.541000,0.608000,3.295000,0.888000,0.984000,0.000000,-0.031000,0.000000
28.228,0.022000,2.497000,0.702000,2.537000,0.288000,1.225000,0.660000,0.640000,3.394000,0.888000,1.017000,-0.031000,-0.031000,0.063000
28.317,0.055000,2.156000,0.632000,2.503000,0.230000,1.193000,0.562000,0.956000,3.295000,0.888000,1.017000,-0.031000,0.031000,0.000000
28.349,0.000000,2.258000,0.634000,2.603000,0.230000,1.291000,0.562000,0.705000,3.262000,0.920000,0.984000,-0.031000,0.071000,-0.031000
28.409,0.022000,2.292000,0.634000,2.503000,0.197000,1.160000,0.562000,0.608000,3.262000,0.953000,0.984000,0.030000,0.000000,0.032000
28.501,0.088000,2.156000,0.702000,2.537000,0.321000,1.193000,0.627000,0.640000,3.295000,0.888000,0.984000,0.030000,0.000000,-0.031000
28.540,0.022000,2.258000,0.668000,2.537000,0.230000,1.225000,0.573000,0.640000,3.328000,0.888000,1.049000,-0.031000,0.040000,0.000000
28.540,0.022000,2.224000,0.668000,2.603000,0.230000,1.291000,0.529000,0.640000,3.262000,0.888000,1.049000,-0.031000,0.000000,0.000000
28.603,0.022000,2.156000,0.632000,2.537000,0.197000,1.193000,0.529000,0.673000,3.262000,0.953000,0.984000,0.061000,0.000000,0.063000
28.654,0.120000,2.156000,0.702000,2.537000,0.288000,1.193000,0.573000,0.640000,3.295000,0.953000,1.017000,-0.062000,0.000000,-0.031000
28.712,0.055000,2.156000,0.668000,2.571000,0.197000,1.258000,0.627000,0.608000,3.328000,0.888000,1.082000,-0.031000,0.071000,-0.031000
28.806,0.022000,2.224000,0.634000,2.636000,0.197000,1.225000,0.541000,0.640000,3.295000,0.888000,0.984000,0.000000,-0.031000,-0.031000
28.826,0.055000,2.156000,0.634000,2.537000,0.197000,1.291000,0.529000,0.705000,3.328000,0.985000,1.017000,0.092000,0.000000,0.032000
28.911,0.153000,2.156000,0.668000,2.537000,0.230000,1.193000,0.573000,0.640000,3.295000,0.888000,1.049000,-0.031000,0.000000,0.032000
28.963,0.055000,2.224000,0.668000,2.537000,0.288000,1.193000,0.627000,0.673000,3.361000,0.920000,1.114000,-0.031000,0.000000,-0.031000
29.014,0.055000,2.156000,0.598000,2.537000,0.197000,1.193000,0.562000,0.640000,3.328000,0.920000,0.984000,-0.031000,0.031000,-0.031000
29.079,0.055000,2.156000,0.634000,2.603000,0.197000,1.323000,0.562000,0.738000,3.295000,0.985000,0.984000,0.000000,-0.031000,-0.031000
29.127,0.055000,2.156000,0.668000,2.537000,0.197000,1.291000,0.562000,0.608000,3.295000,0.888000,1.017000,0.000000,0.000000,0.032000
29.207,0.022000,2.156000,0.702000,2.537000,0.321000,1.225000,0.660000,0.640000,3.361000,0.888000,1.049000,-0.031000,0.000000,0.063000
29.256,0.022000,2.190000,0.634000,2.537000,0.230000,1.193000,0.529000,0.956000,3.295000,0.888000,1.049000,-0.031000,0.031000,0.000000
29.305,0.055000,2.258000,0.634000,2.603000,0.230000,1.291000,0.595000,0.738000,3.262000,0.920000,0.984000,-0.031000,0.061000,0.000000
29.388,0.055000,2.156000,0.634000,2.636000,0.197000,1.225000,0.595000,0.640000,3.295000,0.920000,0.984000,0.030000,0.000000,0.032000
29.491,0.088000,2.190000,0.736000,2.537000,0.288000,1.193000,0.660000,0.640000,3.295000,0.888000,1.017000,0.030000,0.031000,0.000000
29.568,0.022000,2.156000,0.668000,2.537000,0.197000,1.225000,0.541000,0.673000,3.295000,0.888000,1.049000,-0.031000,0.040000,0.000000
29.610,0.022000,2.224000,0.634000,2.603000,0.197000,1.258000,0.508000,0.640000,3.262000,0.888000,1.082000,-0.031000,0.000000,-0.031000
29.692,0.022000,2.190000,0.634000,2.503000,0.230000,1.193000,0.529000,0.673000,3.487000,0.953000,1.017000,0.030000,-0.031000,0.063000
29.737,0.120000,2.156000,0.702000,2.537000,0.230000,1.193000,0.562000,0.673000,3.262000,0.920000,0.984000,-0.062000,0.000000,0.063000
29.825,0.055000,2.156000,0.634000,2.537000,0.197000,1.193000,0.595000,0.608000,3.328000,0.920000,1.082000,-0.031000,0.071000,-0.031000
29.856,0.055000,2.224000,0.601000,2.537000,0.197000,1.225000,0.541000,0.640000,3.361000,0.888000,0.951000,-0.031000,-0.031000,-0.031000
29.911,0.022000,2.156000,0.634000,2.503000,0.197000,1.258000,0.595000,0.705000,3.295000,0.985000,1.017000,0.061000,0.000000,0.000000
29.969,0.120000,2.156000,0.668000,2.537000,0.230000,1.193000,0.562000,0.640000,3.295000,0.888000,1.049000,-0.031000,0.000000,0.032000
30.054,0.022000,2.190000,0.634000,2.603000,0.263000,1.193000,0.627000,0.640000,3.361000,0.920000,1.114000,-0.031000,0.031000,-0.031000
30.088,0.055000,2.463000,0.634000,2.571000,0.197000,1.193000,0.595000,0.640000,3.295000,0.920000,0.984000,-0.031000,0.000000,-0.031000
30.184,0.055000,2.156000,0.634000,2.603000,0.197000,1.291000,0.562000,0.738000,3.295000,0.985000,0.984000,-0.031000,-0.031000,-0.031000
30.198,0.055000,2.122000,0.634000,2.537000,0.197000,1.225000,0.541000,0.608000,3.295000,0.888000,0.984000,0.000000,0.000000,0.000000
30.286,0.055000,2.224000,0.702000,2.537000,0.288000,1.225000,0.660000,0.640000,3.394000,0.888000,1.017000,-0.031000,-0.031000,0.095000
30.359,0.055000,2.156000,0.634000,2.537000,0.222000,1.225000,0.562000,0.673000,3.295000,0.888000,1.049000,-0.031000,0.031000,-0.031000
30.394,0.055000,2.258000,0.668000,2.603000,0.230000,1.323000,0.562000,0.738000,3.262000,0.920000,1.017000,-0.031000,0.102000,0.000000
30.448,0.022000,2.156000,0.634000,2.537000,0.230000,1.193000,0.888000,0.673000,3.262000,0.953000,1.017000,0.000000,0.000000,0.032000
30.448,0.153000,2.156000,0.702000,2.571000,0.321000,1.225000,0.627000,0.608000,3.295000,0.888000,1.017000,0.061000,0.000000,0.032000
30.527,0.000000,2.156000,0.634000,2.537000,0.164000,1.225000,0.573000,0.640000,3.295000,0.888000,1.049000,0.000000,0.071000,0.000000
30.584,0.022000,2.258000,0.668000,2.636000,0.230000,1.225000,0.529000,0.673000,3.295000,0.888000,1.049000,-0.031000,0.031000,0.000000
30.635,0.055000,2.156000,0.632000,2.537000,0.230000,1.193000,0.888000,0.673000,3.262000,0.953000,1.017000,0.000000,0.000000,0.063000
30.686,0.120000,2.156000,0.666000,2.537000,0.552000,1.193000,0.562000,0.640000,3.262000,0.985000,0.984000,0.030000,0.000000,0.032000
30.749,0.022000,2.122000,0.601000,2.571000,0.197000,1.193000,0.606000,0.608000,3.328000,0.920000,1.082000,-0.031000,0.071000,-0.031000
30.813,0.055000,2.224000,0.634000,2.537000,0.197000,1.193000,0.541000,0.640000,3.361000,0.888000,1.049000,-0.031000,-0.031000,-0.031000
30.910,0.022000,2.190000,0.668000,2.569000,0.197000,1.291000,0.562000,0.705000,3.295000,0.953000,1.017000,0.061000,-0.031000,0.000000
30.932,0.088000,2.156000,0.634000,2.537000,0.197000,1.193000,0.529000,0.705000,3.262000,0.888000,1.017000,-0.031000,-0.031000,0.000000
30.996,0.022000,2.156000,0.634000,2.503000,0.263000,1.193000,0.627000,0.640000,3.361000,0.888000,1.082000,-0.031000,0.031000,0.000000
31.055,0.022000,2.190000,0.668000,2.537000,0.197000,1.193000,0.573000,0.608000,3.262000,0.920000,1.017000,-0.031000,0.031000,-0.031000
31.133,0.055000,2.122000,0.871000,2.636000,0.321000,1.258000,0.562000,0.705000,3.262000,0.985000,0.984000,0.000000,-0.031000,-0.031000
31.177,0.022000,2.122000,0.634000,2.537000,0.197000,1.291000,0.529000,0.640000,3.262000,0.888000,0.984000,0.000000,-0.031000,0.000000
31.235,0.000000,2.121000,0.702000,2.503000,0.288000,1.225000,0.660000,0.640000,3.394000,0.888000,0.984000,-0.031000,0.000000,0.095000
31.306,0.022000,2.156000,0.601000,2.503000,0.222000,1.193000,0.541000,0.640000,3.262000,0.855000,1.017000,-0.062000,0.031000,-0.031000
31.415,0.022000,2.224000,0.804000,2.571000,0.230000,1.323000,0.529000,0.705000,3.262000,0.888000,0.984000,-0.062000,0.040000,-0.031000
31.510,0.022000,2.122000,0.634000,2.571000,0.197000,1.193000,0.573000,0.608000,3.262000,0.953000,0.984000,0.030000,0.000000,0.032000
31.551,0.120000,2.121000,0.668000,2.537000,0.288000,1.193000,0.627000,0.608000,3.262000,0.888000,0.984000,0.030000,0.000000,-0.031000
31.602,0.000000,2.122000,0.668000,2.503000,0.164000,1.225000,0.541000,0.608000,3.328000,0.888000,1.049000,-0.062000,0.071000,-0.031000
31.671,0.055000,2.224000,0.634000,2.636000,0.197000,1.323000,0.541000,0.640000,3.262000,0.888000,1.049000,-0.031000,0.000000,0.000000
31.723,0.055000,2.156000,0.598000,2.537000,0.197000,1.193000,0.529000,0.673000,3.262000,0.953000,1.017000,0.061000,0.000000,0.095000
31.783,0.120000,2.190000,0.702000,2.537000,0.255000,1.193000,0.562000,0.608000,3.262000,0.888000,0.984000,-0.031000,0.000000,-0.031000
31.854,0.022000,2.156000,0.598000,2.571000,0.197000,1.193000,0.627000,0.608000,3.328000,0.920000,1.082000,-0.031000,0.071000,0.000000
31.903,0.022000,2.224000,0.634000,2.571000,0.230000,1.225000,0.541000,0.640000,3.295000,0.888000,0.984000,0.258000,-0.031000,-0.031000
31.955,0.022000,2.156000,0.702000,2.537000,0.197000,1.291000,0.529000,0.705000,3.295000,0.985000,1.017000,0.061000,-0.031000,0.000000
32.032,0.088000,2.156000,0.668000,2.537000,0.197000,1.193000,0.541000,0.640000,3.262000,0.888000,1.049000,-0.031000,-0.031000,0.000000
32.094,0.055000,2.156000,0.632000,2.537000,0.288000,1.193000,0.627000,0.640000,3.361000,0.888000,1.082000,-0.031000,0.031000,-0.031000
32.173,0.022000,2.156000,0.598000,2.537000,0.197000,1.193000,0.573000,0.608000,3.262000,1.204000,0.984000,-0.031000,0.000000,-0.031000
32.196,0.186000,2.156000,0.601000,2.636000,0.197000,1.291000,0.562000,0.705000,3.295000,0.985000,0.984000,-0.031000,-0.031000,-0.031000
32.252,0.022000,2.122000,0.598000,2.503000,0.164000,1.225000,0.541000,0.608000,3.295000,0.888000,1.017000,0.000000,-0.031000,0.032000
32.332,0.000000,2.122000,0.668000,2.537000,0.255000,1.225000,0.627000,0.640000,3.361000,0.888000,1.017000,-0.031000,0.000000,0.063000
32.391,0.055000,2.156000,0.601000,2.537000,0.197000,1.193000,0.541000,0.640000,3.262000,0.888000,1.049000,-0.062000,0.040000,-0.031000
32.398,0.120000,2.258000,0.634000,2.636000,0.197000,1.291000,0.562000,0.705000,3.262000,0.888000,0.984000,-0.062000,0.031000,-0.031000
32.439,0.055000,2.122000,0.598000,2.537000,0.197000,1.193000,0.627000,0.608000,3.262000,0.953000,0.984000,0.061000,0.000000,0.095000
32.497,0.120000,2.121000,0.702000,2.537000,0.263000,1.225000,0.660000,0.608000,3.295000,0.888000,0.984000,0.000000,0.000000,-0.031000
32.553,0.022000,2.122000,0.632000,2.537000,0.197000,1.225000,0.541000,0.608000,3.361000,0.888000,1.082000,0.030000,0.071000,0.000000
32.637,0.022000,2.258000,0.668000,2.603000,0.197000,1.258000,0.541000,0.640000,3.361000,0.888000,1.017000,-0.031000,-0.031000,0.000000
32.688,0.022000,2.156000,0.598000,2.537000,0.197000,1.193000,0.529000,0.705000,3.262000,0.953000,0.984000,0.061000,0.000000,0.095000
32.770,0.120000,2.156000,0.668000,2.537000,0.222000,1.193000,0.595000,0.771000,3.262000,0.920000,0.984000,0.000000,0.000000,-0.031000
32.798,0.055000,2.156000,0.598000,2.571000,0.197000,1.573000,0.660000,0.608000,3.394000,0.888000,1.082000,0.000000,0.071000,-0.031000
32.869,0.055000,2.224000,0.668000,2.603000,0.197000,1.225000,0.562000,0.640000,3.328000,0.888000,1.049000,0.000000,-0.031000,0.000000
32.930,0.055000,2.156000,0.905000,2.537000,0.197000,1.323000,0.529000,0.738000,3.262000,0.985000,1.017000,0.061000,-0.031000,0.000000
33.005,0.120000,2.190000,0.668000,2.537000,0.197000,1.160000,0.541000,0.640000,3.262000,0.855000,1.017000,-0.031000,-0.031000,0.032000
33.033,0.022000,2.156000,0.601000,2.503000,0.321000,1.193000,0.660000,0.640000,3.361000,0.888000,1.082000,-0.062000,-0.031000,-0.031000
33.111,0.022000,2.156000,0.634000,2.537000,0.197000,1.193000,0.573000,0.608000,3.262000,0.888000,0.984000,-0.031000,0.031000,-0.031000
33.143,0.055000,2.122000,0.601000,2.636000,0.197000,1.291000,0.562000,0.705000,3.295000,0.953000,0.984000,-0.031000,-0.031000,-0.031000
33.239,0.055000,2.122000,0.598000,2.537000,0.197000,1.225000,0.529000,0.608000,3.295000,0.855000,0.984000,0.030000,-0.031000,0.032000
33.364,0.000000,2.497000,0.702000,2.537000,0.321000,1.225000,0.627000,0.608000,3.328000,0.888000,1.017000,-0.031000,0.000000,0.000000
33.424,0.000000,2.156000,0.598000,2.537000,0.197000,1.193000,0.541000,0.989000,3.328000,0.888000,1.049000,-0.062000,0.071000,-0.031000
33.488,0.055000,2.258000,0.702000,2.636000,0.230000,1.291000,0.562000,0.673000,3.262000,0.920000,0.984000,-0.031000,0.071000,-0.031000
33.515,0.055000,2.122000,0.632000,2.537000,0.197000,1.193000,0.562000,0.608000,3.262000,0.985000,0.984000,0.061000,0.000000,0.063000
33.592,0.153000,2.463000,0.668000,2.537000,0.230000,1.193000,0.606000,0.608000,3.295000,0.888000,1.017000,0.061000,-0.031000,-0.062000
33.640,0.022000,2.156000,0.632000,2.537000,0.197000,1.225000,0.541000,0.608000,3.361000,0.855000,1.082000,-0.031000,0.102000,0.000000
33.698,0.055000,2.258000,0.634000,2.670000,0.197000,1.225000,0.529000,0.640000,3.262000,0.888000,1.049000,-0.062000,0.000000,0.000000
33.783,0.055000,2.156000,0.598000,2.503000,0.230000,1.193000,0.921000,0.705000,3.262000,0.985000,0.984000,0.061000,0.000000,0.095000
33.847,0.120000,2.156000,0.702000,2.537000,0.230000,1.193000,0.529000,0.608000,3.262000,0.888000,0.951000,-0.031000,0.031000,-0.031000
33.881,0.055000,2.156000,0.668000,2.571000,0.197000,1.193000,0.660000,0.608000,3.361000,0.888000,1.082000,0.000000,0.102000,-0.031000
33.931,0.055000,2.190000,0.601000,2.537000,0.164000,1.193000,0.541000,0.705000,3.328000,0.855000,1.017000,0.000000,-0.031000,0.000000
33.995,0.055000,2.122000,0.634000,2.537000,0.164000,1.323000,0.529000,0.738000,3.262000,0.985000,1.017000,0.092000,0.000000,0.000000
34.075,0.055000,2.224000,0.702000,2.537000,0.230000,1.193000,0.541000,0.640000,3.262000,0.855000,1.017000,-0.031000,0.000000,-0.031000
34.123,0.055000,2.156000,0.634000,2.503000,0.288000,1.193000,0.660000,0.608000,3.361000,0.888000,1.082000,-0.031000,0.000000,-0.031000
34.170,0.022000,2.190000,0.601000,2.537000,0.197000,1.193000,0.606000,0.608000,3.262000,0.888000,0.984000,-0.031000,0.031000,-0.031000
34.235,0.022000,2.122000,0.601000,2.636000,0.197000,1.291000,0.573000,0.738000,3.262000,0.920000,0.984000,0.000000,0.000000,-0.031000
34.297,0.055000,2.122000,0.632000,2.772000,0.230000,1.225000,0.573000,0.608000,3.295000,0.855000,0.984000,0.030000,-0.031000,0.063000
34.300,0.022000,2.360000,0.736000,2.537000,0.321000,1.225000,0.660000,0.640000,3.361000,0.888000,1.017000,-0.031000,0.000000,0.000000
34.382,0.055000,2.224000,0.634000,2.537000,0.230000,1.193000,0.562000,0.640000,3.295000,1.051000,1.082000,-0.031000,0.102000,-0.031000
34.426,0.055000,2.292000,0.668000,2.636000,0.255000,1.291000,0.562000,0.673000,3.295000,0.920000,0.984000,-0.031000,0.000000,-0.031000
34.485,0.055000,2.122000,0.668000,2.571000,0.230000,1.193000,0.562000,0.640000,3.295000,0.985000,0.984000,0.061000,-0.031000,0.095000
34.552,0.153000,2.156000,0.736000,2.571000,0.255000,1.258000,0.660000,0.608000,3.295000,0.888000,0.984000,0.000000,-0.031000,0.000000
34.604,0.055000,2.122000,0.666000,2.571000,0.164000,1.225000,0.541000,0.608000,3.394000,0.888000,1.082000,-0.031000,0.102000,0.000000
34.673,0.055000,2.224000,0.634000,2.603000,0.230000,1.225000,0.562000,0.640000,3.295000,0.888000,1.017000,-0.031000,-0.031000,0.000000
34.725,0.055000,2.190000,0.668000,2.537000,0.230000,1.193000,0.541000,0.738000,3.295000,1.018000,0.984000,0.092000,0.000000,0.095000
34.799,0.153000,2.156000,0.668000,2.537000,0.255000,1.323000,0.573000,0.608000,3.295000,0.920000,0.984000,-0.031000,0.031000,-0.031000
34.838,0.088000,2.156000,0.668000,2.571000,0.197000,1.193000,0.660000,0.640000,3.394000,0.920000,1.114000,0.000000,0.071000,-0.031000
34.917,0.055000,2.190000,0.634000,2.571000,0.197000,1.193000,0.541000,0.608000,3.328000,0.888000,0.984000,0.000000,0.000000,0.000000
34.965,0.055000,2.122000,0.634000,2.537000,0.197000,1.291000,0.508000,0.738000,3.228000,0.985000,0.984000,0.030000,-0.031000,0.000000
35.022,0.088000,2.122000,0.668000,2.571000,0.197000,1.193000,0.508000,0.640000,3.262000,0.888000,1.017000,-0.031000,-0.031000,0.032000
35.110,0.022000,2.156000,0.634000,2.840000,0.321000,1.193000,0.660000,0.608000,3.361000,0.888000,1.082000,-0.062000,0.031000,-0.031000
35.149,0.022000,2.156000,0.601000,2.537000,0.197000,1.160000,0.573000,0.608000,3.262000,0.920000,0.984000,-0.031000,0.071000,-0.031000
35.265,0.022000,2.088000,0.634000,2.636000,0.164000,1.323000,0.595000,0.738000,3.262000,0.953000,0.984000,-0.031000,-0.031000,-0.031000
35.335,0.055000,2.122000,0.634000,2.503000,0.164000,1.225000,0.562000,0.608000,3.295000,0.855000,0.984000,0.030000,-0.031000,0.063000
35.376,0.022000,2.121000,0.736000,2.503000,0.255000,1.225000,0.606000,0.608000,3.328000,0.888000,0.984000,-0.062000,-0.031000,-0.031000
35.453,0.022000,2.122000,0.598000,2.503000,0.230000,1.193000,0.541000,0.640000,3.262000,0.855000,1.082000,0.030000,0.071000,-0.031000
35.506,0.055000,2.224000,0.634000,2.603000,0.164000,1.258000,0.562000,0.640000,3.262000,0.888000,1.147000,-0.031000,0.000000,-0.031000
35.561,0.022000,2.429000,0.634000,2.537000,0.197000,1.193000,0.562000,0.608000,3.262000,0.985000,0.951000,0.092000,0.000000,0.063000
35.636,0.120000,2.121000,0.702000,2.537000,0.222000,1.193000,0.573000,0.640000,3.262000,0.888000,0.984000,-0.031000,-0.031000,-0.031000
35.692,0.022000,2.122000,0.634000,2.537000,0.197000,1.193000,0.541000,0.608000,3.394000,0.855000,1.082000,-0.062000,0.071000,-0.031000
35.750,0.022000,2.190000,0.668000,2.571000,0.197000,1.193000,0.508000,0.640000,3.262000,0.888000,1.017000,-0.062000,-0.031000,0.000000
35.801,0.022000,2.156000,0.632000,2.537000,0.197000,1.193000,0.529000,0.738000,3.262000,1.018000,0.984000,0.061000,0.000000,0.063000
35.856,0.088000,2.156000,0.668000,2.537000,0.164000,1.193000,0.692000,0.608000,3.262000,0.920000,0.984000,-0.031000,0.000000,-0.031000
35.945,0.055000,2.156000,0.634000,2.537000,0.197000,1.193000,0.692000,0.608000,3.394000,0.888000,1.082000,0.000000,0.071000,-0.031000
35.983,0.022000,2.156000,0.736000,2.571000,0.197000,1.225000,0.541000,0.608000,3.295000,0.855000,0.984000,-0.031000,-0.031000,-0.031000
36.043,0.088000,2.156000,0.634000,2.503000,0.197000,1.323000,0.529000,0.738000,3.262000,0.985000,1.017000,0.030000,-0.031000,0.000000
36.097,0.055000,2.156000,0.598000,2.503000,0.197000,1.160000,0.541000,0.640000,3.262000,0.888000,1.017000,-0.062000,-0.031000,0.000000
36.171,0.022000,2.156000,0.634000,2.537000,0.288000,1.193000,0.660000,0.608000,3.361000,0.888000,0.984000,-0.031000,0.000000,-0.031000
36.227,0.022000,2.122000,0.598000,2.603000,0.164000,1.193000,0.573000,0.608000,3.262000,0.888000,1.017000,-0.031000,-0.031000,-0.031000
36.227,0.022000,2.122000,0.634000,2.636000,0.164000,1.291000,0.529000,0.673000,3.328000,0.888000,0.984000,0.000000,-0.031000,-0.031000
36.283,0.000000,2.156000,0.632000,2.503000,0.197000,1.225000,0.541000,0.640000,3.295000,0.855000,0.984000,-0.031000,0.000000,0.063000
36.330,0.022000,2.121000,0.702000,2.503000,0.288000,1.193000,0.660000,0.640000,3.328000,0.855000,1.017000,-0.062000,-0.031000,0.063000
36.431,0.022000,2.156000,0.869000,2.537000,0.164000,1.225000,0.529000,0.640000,3.262000,0.888000,0.984000,-0.031000,0.102000,-0.031000
36.478,0.055000,2.258000,0.634000,2.603000,0.197000,1.225000,0.562000,0.608000,3.394000,0.888000,0.984000,-0.062000,0.000000,-0.031000
36.524,0.022000,2.088000,0.632000,2.571000,0.230000,1.193000,0.562000,0.608000,3.262000,0.855000,1.017000,0.092000,-0.031000,0.063000
36.572,0.120000,2.121000,0.634000,2.537000,0.222000,1.225000,0.573000,0.608000,3.295000,0.920000,0.984000,0.030000,0.000000,0.000000
36.652,0.022000,2.190000,0.668000,2.571000,0.197000,1.225000,0.541000,0.640000,3.394000,0.888000,1.114000,-0.031000,0.071000,0.000000
36.715,0.055000,2.190000,0.634000,2.571000,0.230000,1.193000,0.562000,0.673000,3.520000,0.888000,1.017000,-0.031000,0.000000,0.000000
36.811,0.088000,2.156000,0.668000,2.537000,0.197000,1.193000,0.921000,0.738000,3.262000,1.018000,0.984000,0.061000,0.000000,0.095000
36.811,0.055000,2.156000,0.634000,2.537000,0.222000,1.193000,0.562000,0.608000,3.262000,0.920000,0.984000,-0.031000,0.000000,-0.031000
36.895,0.055000,2.190000,0.634000,2.571000,0.197000,1.193000,0.692000,0.640000,3.394000,0.888000,1.082000,0.000000,0.102000,0.000000
36.941,0.055000,2.190000,0.601000,2.503000,0.197000,1.225000,0.541000,0.608000,3.295000,0.888000,0.984000,-0.031000,0.000000,-0.031000
37.002,0.088000,2.122000,0.634000,2.503000,0.197000,1.323000,0.921000,0.738000,3.262000,0.985000,1.017000,0.061000,-0.031000,0.000000
37.059,0.022000,2.122000,0.567000,2.503000,0.197000,1.193000,0.541000,0.608000,3.262000,0.888000,1.017000,-0.031000,0.000000,0.000000
37.184,0.022000,2.156000,0.601000,2.571000,0.288000,1.193000,0.660000,0.608000,3.328000,0.888000,1.049000,-0.031000,0.000000,0.000000
37.239,0.022000,2.190000,0.634000,2.537000,0.197000,1.193000,0.562000,0.640000,3.262000,0.888000,0.984000,-0.031000,-0.031000,-0.031000
37.307,0.055000,2.121000,0.871000,2.636000,0.197000,1.291000,0.529000,0.673000,3.262000,0.953000,0.984000,0.000000,-0.031000,-0.031000
37.359,0.000000,2.122000,0.634000,2.537000,0.197000,1.225000,0.573000,0.608000,3.295000,0.855000,0.984000,-0.031000,0.000000,0.126000
37.439,0.022000,2.258000,0.702000,2.503000,0.255000,1.160000,0.606000,0.640000,3.262000,0.888000,1.017000,-0.031000,-0.031000,0.032000
37.530,0.022000,2.156000,0.598000,2.571000,0.197000,1.225000,0.529000,0.640000,3.262000,0.888000,0.984000,-0.031000,0.133000,-0.031000
37.538,0.022000,2.258000,0.634000,2.636000,0.197000,1.291000,0.562000,0.673000,3.262000,0.920000,0.984000,0.000000,0.031000,0.000000
37.612,0.055000,2.122000,0.634000,2.537000,0.230000,1.193000,0.921000,0.608000,3.262000,0.985000,0.984000,0.092000,0.000000,0.063000
37.682,0.120000,2.121000,0.634000,2.503000,0.197000,1.193000,0.541000,0.608000,3.262000,0.855000,0.984000,-0.031000,-0.031000,-0.031000
37.745,0.000000,2.156000,0.632000,2.537000,0.197000,1.225000,0.541000,0.608000,3.394000,0.888000,1.082000,-0.062000,0.071000,0.000000
37.783,0.022000,2.190000,0.634000,2.537000,0.197000,1.225000,0.529000,0.640000,3.228000,0.855000,0.984000,-0.031000,-0.031000,0.000000
37.862,0.055000,2.190000,0.668000,2.503000,0.197000,1.160000,0.529000,0.738000,3.295000,1.018000,0.984000,0.061000,0.000000,0.032000
37.918,0.088000,2.156000,0.634000,2.537000,0.164000,1.193000,0.573000,0.608000,3.262000,0.888000,0.984000,-0.031000,0.000000,-0.031000
37.970,0.055000,2.190000,0.668000,2.537000,0.197000,1.193000,0.660000,0.608000,3.361000,0.855000,1.049000,0.000000,0.031000,-0.031000
38.021,0.022000,2.190000,0.634000,2.537000,0.197000,1.225000,0.541000,0.608000,3.295000,0.888000,0.984000,0.000000,-0.031000,0.189000
38.104,0.088000,2.156000,0.668000,2.537000,0.197000,1.323000,0.562000,0.738000,3.262000,0.920000,1.017000,0.000000,0.071000,0.000000
38.150,0.055000,2.156000,0.632000,2.537000,0.263000,1.193000,0.529000,0.673000,3.295000,0.888000,1.017000,-0.031000,0.031000,0.000000
38.150,0.022000,2.156000,0.668000,2.537000,0.321000,1.193000,0.627000,0.608000,3.361000,0.920000,0.984000,-0.031000,0.000000,-0.031000
38.204,0.055000,2.156000,0.634000,2.571000,0.197000,1.193000,0.562000,0.640000,3.262000,0.920000,0.984000,-0.031000,-0.031000,0.000000
38.259,0.055000,2.122000,0.668000,2.636000,0.230000,1.291000,0.508000,0.640000,3.295000,0.888000,1.147000,-0.031000,-0.031000,-0.031000
38.347,0.000000,2.122000,0.634000,2.537000,0.197000,1.225000,0.573000,0.608000,3.262000,0.855000,0.984000,-0.062000,-0.031000,0.063000
38.406,0.000000,2.088000,0.668000,2.503000,0.288000,1.160000,0.606000,0.640000,3.262000,1.051000,1.017000,-0.031000,-0.031000,0.000000
38.456,0.251000,2.156000,0.598000,2.537000,0.197000,1.225000,0.508000,0.640000,3.262000,0.855000,0.951000,-0.062000,0.102000,-0.031000
38.512,0.022000,2.190000,0.601000,2.571000,0.164000,1.193000,0.541000,0.640000,3.262000,0.888000,0.984000,-0.031000,0.000000,-0.031000
38.564,0.022000,2.088000,0.632000,2.537000,0.255000,1.160000,0.573000,0.608000,3.262000,0.855000,0.984000,0.092000,0.000000,0.063000
38.633,0.088000,2.088000,0.634000,2.469000,0.222000,1.193000,0.541000,0.608000,3.262000,0.855000,0.984000,-0.031000,0.000000,0.000000
38.687,0.000000,2.121000,0.634000,2.571000,0.197000,1.193000,0.541000,0.608000,3.262000,0.855000,1.082000,-0.031000,0.071000,0.000000
38.741,0.022000,2.156000,0.567000,2.537000,0.387000,1.160000,0.541000,0.640000,3.228000,0.855000,1.017000,0.000000,-0.031000,0.000000
38.802,0.088000,2.122000,0.634000,2.537000,0.197000,1.160000,0.529000,0.738000,3.262000,1.018000,0.984000,0.030000,0.000000,0.032000
38.878,0.088000,2.156000,0.668000,2.537000,0.197000,1.160000,0.541000,0.608000,3.262000,0.920000,0.984000,-0.031000,0.000000,0.000000
38.938,0.055000,2.190000,0.634000,2.571000,0.197000,1.193000,0.660000,0.608000,3.361000,0.888000,1.017000,0.000000,0.031000,-0.031000
38.999,0.055000,2.122000,0.632000,2.503000,0.197000,1.225000,0.573000,0.640000,3.295000,0.888000,0.984000,0.000000,0.000000,0.000000
39.119,0.120000,2.088000,0.668000,2.537000,0.197000,1.323000,0.529000,0.705000,3.262000,0.920000,1.017000,-0.031000,0.000000,0.000000
39.184,0.055000,2.122000,0.632000,2.503000,0.197000,1.193000,0.541000,0.705000,3.295000,0.888000,1.017000,-0.031000,0.000000,0.000000
39.227,0.022000,2.497000,0.634000,2.503000,0.288000,1.193000,0.627000,0.608000,3.295000,0.888000,0.984000,-0.031000,0.031000,0.000000
39.302,0.055000,2.122000,0.598000,2.537000,0.197000,1.193000,0.562000,0.673000,3.262000,0.920000,0.984000,-0.031000,0.000000,-0.031000
39.369,0.088000,2.122000,0.601000,2.636000,0.197000,1.291000,0.529000,0.640000,3.295000,0.888000,0.984000,0.000000,-0.031000,-0.031000
39.410,0.022000,2.122000,0.632000,2.537000,0.197000,1.193000,0.573000,0.608000,3.295000,0.888000,1.017000,-0.031000,0.000000,0.126000
39.463,0.055000,2.121000,0.702000,2.503000,0.230000,1.193000,0.573000,0.771000,3.361000,0.888000,1.017000,-0.031000,-0.031000,0.000000
39.540,0.251000,2.122000,0.598000,2.537000,0.197000,1.225000,0.529000,0.640000,3.262000,0.888000,0.984000,-0.031000,0.102000,-0.031000
39.590,0.055000,2.224000,0.634000,2.571000,0.164000,1.258000,0.562000,0.640000,3.262000,0.888000,0.984000,-0.031000,0.031000,-0.031000
39.644,0.022000,2.429000,0.634000,2.503000,0.230000,1.193000,0.562000,0.608000,3.262000,0.855000,0.984000,0.092000,0.000000,0.063000
39.712,0.153000,2.088000,0.601000,2.503000,0.164000,1.225000,0.606000,0.608000,3.295000,0.855000,0.984000,0.000000,0.000000,-0.031000
39.779,0.000000,2.156000,0.632000,2.571000,0.230000,1.225000,0.541000,0.608000,3.394000,0.888000,1.147000,-0.031000,0.102000,0.000000
39.842,0.022000,2.156000,0.634000,2.503000,0.197000,1.160000,0.541000,0.640000,3.262000,0.888000,0.984000,-0.031000,0.031000,-0.031000
39.897,0.088000,2.122000,0.668000,2.503000,0.197000,1.193000,0.508000,0.738000,3.262000,0.985000,0.984000,0.092000,0.000000,0.032000
39.948,0.088000,2.122000,0.634000,2.537000,0.197000,1.160000,0.541000,0.608000,3.262000,0.920000,0.984000,-0.031000,0.000000,-0.031000
39.996,0.055000,2.190000,0.634000,2.537000,0.164000,1.193000,0.660000,0.738000,3.394000,0.888000,1.017000,0.000000,0.071000,-0.031000
40.081,0.055000,2.122000,0.632000,2.537000,0.164000,1.225000,0.855000,0.608000,3.295000,0.888000,0.984000,0.000000,-0.031000,-0.031000
40.081,0.120000,2.088000,0.634000,2.503000,0.197000,1.323000,0.508000,0.673000,3.262000,0.920000,1.017000,0.030000,-0.031000,0.000000
40.134,0.055000,2.360000,0.601000,2.503000,0.230000,1.193000,0.541000,0.640000,3.262000,0.888000,1.017000,-0.062000,0.000000,-0.062000
40.185,0.022000,2.121000,0.632000,2.503000,0.321000,1.160000,0.660000,0.608000,3.361000,0.920000,1.017000,-0.031000,0.031000,-0.031000
40.275,0.022000,2.122000,0.598000,2.571000,0.552000,1.193000,0.562000,0.640000,3.228000,0.888000,0.984000,-0.031000,-0.031000,-0.031000
40.339,0.055000,2.088000,0.601000,2.636000,0.164000,1.258000,0.508000,0.608000,3.262000,0.920000,0.951000,-0.031000,-0.031000,0.000000
40.366,-0.010000,2.054000,0.598000,2.503000,0.197000,1.193000,0.573000,0.608000,3.262000,0.888000,0.984000,-0.031000,0.000000,0.095000
40.423,0.022000,2.088000,0.702000,2.503000,0.255000,1.160000,0.606000,0.640000,3.295000,0.855000,1.017000,0.000000,-0.031000,0.000000
40.508,0.022000,2.088000,0.837000,2.571000,0.197000,1.225000,0.508000,0.640000,3.262000,0.855000,0.984000,-0.031000,0.102000,-0.031000
40.529,0.022000,2.122000,0.567000,2.571000,0.197000,1.193000,0.562000,0.575000,3.262000,0.888000,0.984000,-0.031000,0.000000,-0.031000
40.595,0.022000,2.020000,0.632000,2.537000,0.230000,1.128000,0.562000,0.608000,3.262000,0.855000,0.984000,0.092000,-0.031000,0.032000
40.673,0.088000,2.020000,0.668000,2.469000,0.197000,1.160000,0.573000,0.608000,3.262000,0.855000,0.984000,0.000000,0.000000,-0.031000
40.748,0.000000,2.088000,0.598000,2.537000,0.197000,1.160000,0.508000,0.608000,3.228000,0.855000,1.082000,-0.062000,0.031000,-0.031000
40.802,0.000000,2.122000,0.567000,2.537000,0.230000,1.193000,0.541000,0.640000,3.228000,0.888000,1.017000,0.000000,-0.031000,0.032000
40.864,0.088000,2.054000,0.632000,2.503000,0.197000,1.160000,0.529000,0.608000,3.228000,0.985000,0.984000,0.000000,0.031000,0.032000
40.903,0.055000,2.020000,0.598000,2.503000,0.164000,1.128000,0.573000,0.608000,3.262000,0.920000,0.984000,-0.031000,0.031000,-0.031000
41.031,0.022000,2.121000,0.567000,2.537000,0.197000,1.160000,0.541000,0.608000,3.328000,0.888000,1.114000,0.000000,0.000000,-0.031000
41.125,0.000000,2.054000,0.567000,2.503000,0.197000,1.193000,0.541000,0.608000,3.262000,0.920000,0.984000,0.030000,-0.031000,0.000000
41.134,0.088000,2.020000,0.601000,2.503000,0.197000,1.160000,0.508000,0.705000,3.228000,0.888000,0.984000,0.030000,-0.031000,0.000000
41.230,0.022000,2.054000,0.567000,2.537000,0.230000,1.128000,0.541000,0.640000,3.295000,0.888000,1.017000,-0.031000,0.000000,0.000000
41.265,0.000000,2.054000,0.601000,2.503000,0.197000,1.128000,0.627000,0.608000,3.295000,0.888000,0.951000,-0.031000,0.133000,0.000000
41.341,0.000000,2.054000,0.598000,2.503000,0.164000,1.160000,0.562000,0.673000,3.262000,0.920000,0.984000,-0.031000,-0.031000,-0.031000
41.395,0.022000,2.054000,0.598000,2.503000,0.164000,1.225000,0.529000,0.608000,3.262000,0.855000,0.984000,0.000000,-0.031000,-0.031000
41.436,0.000000,2.088000,0.598000,2.503000,0.230000,1.160000,0.606000,0.608000,3.262000,0.855000,1.017000,-0.031000,0.000000,0.095000
41.500,0.022000,2.054000,0.668000,2.503000,0.230000,1.160000,0.606000,0.640000,3.295000,0.888000,1.017000,-0.031000,0.000000,0.000000
41.596,0.000000,2.088000,0.601000,2.537000,0.197000,1.258000,0.529000,0.640000,3.262000,0.888000,0.984000,-0.031000,0.102000,-0.031000
41.629,0.055000,2.156000,0.601000,2.603000,0.197000,1.225000,0.562000,0.608000,3.262000,0.888000,0.984000,-0.031000,0.000000,0.000000
41.684,0.055000,2.395000,0.666000,2.537000,0.263000,1.160000,0.562000,0.608000,3.262000,0.855000,0.984000,0.092000,0.000000,0.032000
41.772,0.088000,2.020000,0.634000,2.503000,0.164000,1.193000,0.541000,0.640000,3.262000,0.888000,1.017000,0.000000,0.000000,0.000000
41.815,0.000000,2.122000,0.601000,2.571000,0.197000,1.193000,0.541000,0.673000,3.228000,0.888000,1.114000,-0.031000,0.071000,0.000000
41.863,0.055000,2.121000,0.601000,2.537000,0.230000,1.160000,0.508000,0.640000,3.228000,0.888000,1.017000,0.000000,0.000000,0.032000
41.927,0.088000,2.088000,0.668000,2.503000,0.230000,1.160000,0.562000,0.673000,3.228000,0.985000,0.984000,0.000000,0.031000,0.000000
41.998,0.022000,2.054000,0.632000,2.503000,0.164000,1.160000,0.573000,0.608000,3.262000,0.920000,1.017000,-0.031000,0.040000,0.000000
42.000,0.022000,2.122000,0.634000,2.503000,0.197000,1.160000,0.541000,0.608000,3.328000,0.888000,1.017000,0.000000,0.000000,0.000000
42.051,0.000000,2.122000,0.634000,2.469000,0.197000,1.193000,0.529000,0.640000,3.295000,0.920000,1.017000,0.030000,-0.031000,0.000000
42.109,0.120000,2.054000,0.668000,2.503000,0.552000,1.128000,0.541000,0.673000,3.228000,0.888000,1.017000,-0.031000,0.000000,0.000000
42.188,0.000000,2.088000,0.632000,2.469000,0.230000,1.160000,0.573000,0.640000,3.295000,0.888000,1.049000,-0.031000,0.031000,0.000000
42.229,0.000000,2.190000,0.601000,2.503000,0.197000,1.128000,0.606000,0.608000,3.295000,0.888000,0.951000,-0.031000,0.000000,-0.031000
42.308,0.022000,2.054000,0.598000,2.503000,0.197000,1.225000,0.562000,0.705000,3.262000,0.953000,0.984000,-0.031000,-0.031000,-0.031000
42.344,0.055000,2.054000,0.634000,2.469000,0.197000,1.258000,0.529000,0.608000,3.262000,0.888000,0.984000,0.000000,0.257000,0.000000
42.405,0.000000,2.054000,0.598000,2.503000,0.230000,1.160000,0.606000,0.608000,3.328000,0.888000,0.984000,-0.031000,0.000000,0.126000
42.489,0.022000,2.088000,0.598000,2.469000,0.197000,1.160000,0.541000,0.640000,3.228000,0.888000,1.017000,-0.031000,0.000000,0.000000
42.538,0.000000,2.088000,0.634000,2.537000,0.230000,1.225000,0.529000,0.705000,3.228000,0.888000,0.984000,-0.031000,0.102000,-0.031000
42.599,0.022000,2.054000,0.634000,2.537000,0.164000,1.160000,0.823000,0.673000,3.228000,0.888000,0.984000,-0.031000,0.000000,-0.031000
42.697,0.088000,2.020000,0.666000,2.503000,0.263000,1.193000,0.627000,0.608000,3.262000,0.888000,0.984000,0.092000,0.000000,0.032000
42.708,0.000000,2.020000,0.634000,2.469000,0.197000,1.160000,0.573000,0.608000,3.295000,0.888000,1.017000,0.000000,0.000000,-0.031000
42.783,0.000000,2.122000,0.601000,2.571000,0.197000,1.160000,0.541000,0.640000,3.228000,0.855000,1.082000,0.000000,0.061000,0.000000
42.824,0.022000,2.054000,0.598000,2.537000,0.197000,1.160000,0.541000,0.673000,3.262000,0.920000,1.017000,0.000000,0.000000,0.032000
42.954,0.120000,2.121000,0.702000,2.503000,0.255000,1.160000,0.562000,0.608000,3.228000,0.953000,0.984000,0.030000,0.000000,0.032000
43.046,0.055000,2.054000,0.601000,2.503000,0.164000,1.160000,0.573000,0.608000,3.295000,0.920000,1.049000,-0.031000,0.071000,-0.031000
43.079,0.022000,2.122000,0.634000,2.571000,0.197000,1.160000,0.541000,0.608000,3.394000,0.888000,0.984000,0.000000,0.000000,-0.031000
43.149,0.000000,2.054000,0.632000,2.503000,0.197000,1.225000,0.921000,0.673000,3.295000,0.920000,1.017000,0.030000,0.000000,0.000000
43.193,0.088000,2.054000,0.634000,2.503000,0.197000,1.128000,0.529000,0.640000,3.228000,0.920000,1.049000,0.030000,0.000000,0.000000
43.273,0.022000,2.054000,0.601000,2.503000,0.230000,1.128000,0.606000,0.640000,3.328000,0.888000,1.049000,-0.031000,0.031000,-0.031000
43.306,0.022000,2.054000,0.598000,2.503000,0.197000,1.160000,0.606000,0.608000,3.295000,0.920000,1.017000,-0.031000,0.031000,-0.031000
43.385,0.022000,2.054000,0.598000,2.537000,0.552000,1.225000,0.562000,0.705000,3.262000,0.953000,0.984000,0.000000,-0.031000,-0.031000
43.457,0.055000,2.054000,0.634000,2.571000,0.197000,1.258000,0.529000,0.673000,3.262000,0.888000,0.984000,0.000000,0.000000,0.000000
43.523,0.000000,2.020000,0.702000,2.469000,0.263000,1.160000,0.627000,0.640000,3.328000,0.888000,1.017000,-0.031000,0.000000,0.095000
43.558,0.055000,2.054000,0.598000,2.503000,0.197000,1.160000,0.541000,0.640000,3.262000,0.920000,1.017000,-0.031000,0.000000,-0.031000
43.597,0.022000,2.122000,0.634000,2.571000,0.255000,1.258000,0.562000,0.705000,3.262000,0.888000,0.984000,-0.031000,0.102000,0.000000
43.680,0.022000,2.054000,0.634000,2.537000,0.197000,1.225000,0.573000,0.608000,3.262000,0.920000,1.310000,0.000000,-0.031000,0.000000
43.741,0.088000,2.054000,0.632000,2.503000,0.230000,1.160000,0.627000,0.608000,3.262000,0.888000,0.984000,0.092000,0.000000,0.000000
43.799,0.000000,2.054000,0.668000,2.469000,0.197000,1.160000,0.573000,0.608000,3.295000,0.855000,1.017000,-0.031000,0.031000,0.000000
43.850,0.000000,2.121000,0.634000,2.537000,0.197000,1.258000,0.573000,0.640000,3.262000,0.855000,1.049000,-0.031000,0.071000,0.000000
43.929,0.022000,2.122000,0.632000,2.503000,0.197000,1.095000,0.541000,0.673000,3.262000,0.920000,0.984000,0.000000,0.000000,0.063000
43.929,0.120000,2.088000,0.668000,2.469000,0.288000,1.128000,0.562000,0.608000,3.262000,0.985000,0.984000,0.000000,0.000000,-0.031000
43.972,0.022000,2.054000,0.634000,2.469000,0.164000,1.128000,0.606000,0.640000,3.328000,0.888000,1.049000,0.000000,0.071000,-0.031000
44.050,0.000000,2.122000,0.634000,2.537000,0.197000,1.160000,0.541000,0.608000,3.328000,0.855000,0.984000,0.000000,-0.031000,0.220000
44.097,0.000000,2.054000,0.668000,2.469000,0.164000,1.193000,0.508000,0.673000,3.295000,0.953000,1.017000,0.061000,-0.031000,0.032000
44.146,0.088000,2.088000,0.699000,2.435000,0.197000,1.128000,0.529000,0.673000,3.262000,0.953000,1.017000,0.000000,0.000000,0.000000
44.225,0.055000,2.122000,0.668000,2.435000,0.263000,1.128000,0.627000,0.640000,3.361000,0.920000,1.082000,-0.031000,0.000000,-0.031000
44.276,0.022000,2.088000,0.634000,2.469000,0.197000,1.128000,0.573000,0.608000,3.328000,0.888000,0.984000,-0.031000,0.000000,-0.031000
44.330,0.284000,2.020000,0.598000,2.503000,0.164000,1.193000,0.562000,0.705000,3.295000,0.985000,0.984000,0.000000,-0.031000,-0.031000
44.410,0.000000,2.054000,0.632000,2.435000,0.164000,1.225000,0.508000,0.640000,3.295000,0.855000,0.984000,0.000000,-0.031000,0.000000
44.451,-0.033000,2.054000,0.668000,2.435000,0.255000,1.160000,0.627000,0.640000,3.361000,0.888000,1.017000,-0.031000,0.000000,0.095000
44.515,0.022000,2.054000,0.632000,2.435000,0.197000,1.128000,0.573000,0.673000,3.295000,0.888000,1.017000,-0.031000,0.000000,0.220000
44.574,0.022000,2.122000,0.668000,2.503000,0.197000,1.225000,0.529000,0.705000,3.262000,0.888000,0.984000,-0.031000,0.102000,-0.031000
44.623,0.022000,2.054000,0.632000,2.469000,0.288000,1.128000,0.573000,0.608000,3.295000,0.920000,0.984000,0.000000,-0.031000,0.032000
44.692,0.088000,2.020000,0.699000,2.435000,0.288000,1.160000,0.627000,0.608000,3.295000,0.888000,0.984000,0.030000,-0.031000,0.000000
44.751,0.186000,2.020000,0.632000,2.469000,0.230000,1.160000,0.541000,0.608000,3.328000,0.888000,1.049000,-0.031000,0.031000,0.000000
44.880,-0.010000,2.121000,0.634000,2.537000,0.197000,1.258000,0.541000,0.640000,3.295000,0.888000,1.017000,-0.031000,0.000000,0.032000
44.946,0.022000,2.054000,0.634000,2.435000,0.230000,1.160000,0.541000,0.640000,3.262000,0.953000,0.984000,0.030000,0.000000,0.063000
44.998,0.088000,2.054000,0.702000,2.435000,0.263000,1.128000,0.529000,0.608000,3.262000,0.920000,0.984000,-0.062000,0.000000,-0.031000
45.049,0.022000,2.020000,0.598000,2.469000,0.197000,1.128000,0.606000,0.608000,3.328000,0.888000,1.082000,-0.031000,0.071000,-0.031000
45.137,0.022000,2.088000,0.634000,2.503000,0.197000,1.475000,0.562000,0.608000,3.262000,0.888000,0.951000,-0.031000,-0.031000,0.000000
45.177,0.000000,2.020000,0.632000,2.435000,0.197000,1.225000,0.508000,0.673000,3.262000,0.985000,1.017000,0.061000,-0.031000,0.000000
45.249,0.120000,2.054000,0.699000,2.435000,0.197000,1.128000,0.508000,0.608000,3.262000,0.855000,1.017000,-0.031000,0.000000,-0.031000
45.300,0.000000,2.054000,0.634000,2.469000,0.263000,1.128000,0.627000,0.640000,3.361000,0.920000,1.082000,-0.031000,0.000000,-0.031000
45.352,0.000000,2.088000,0.634000,2.670000,0.197000,1.128000,0.573000,0.608000,3.262000,0.920000,0.984000,-0.031000,0.000000,0.000000
45.436,0.022000,2.020000,0.634000,2.503000,0.164000,1.258000,0.855000,0.705000,3.295000,1.018000,0.984000,0.000000,0.000000,-0.031000
45.470,0.088000,2.020000,0.632000,2.435000,0.164000,1.193000,0.541000,0.608000,3.295000,0.888000,0.984000,-0.031000,-0.031000,0.032000
45.551,0.000000,2.020000,0.702000,2.435000,0.288000,1.128000,0.627000,0.608000,3.361000,0.888000,1.017000,-0.062000,-0.031000,0.063000
45.618,0.153000,2.054000,0.598000,2.435000,0.230000,1.128000,0.541000,0.989000,3.262000,0.888000,1.017000,-0.031000,0.061000,-0.031000
45.666,0.000000,2.122000,0.634000,2.503000,0.197000,1.258000,0.562000,0.705000,3.262000,0.920000,0.984000,-0.031000,0.102000,-0.031000
45.712,0.022000,2.020000,0.632000,2.469000,0.197000,1.128000,0.921000,0.673000,3.295000,0.920000,0.984000,0.030000,0.000000,0.063000
45.793,0.088000,2.020000,0.666000,2.469000,0.263000,1.160000,0.627000,0.608000,3.295000,0.888000,1.017000,0.000000,0.000000,0.000000
45.846,0.000000,2.054000,0.668000,2.469000,0.164000,1.160000,0.573000,0.608000,3.328000,0.855000,1.049000,-0.062000,0.031000,0.000000
45.846,0.022000,2.122000,0.634000,2.537000,0.197000,1.225000,0.529000,0.640000,3.262000,0.888000,1.049000,-0.031000,0.040000,0.000000
45.898,0.000000,2.054000,0.634000,2.435000,0.197000,1.128000,0.541000,0.673000,3.262000,0.953000,0.984000,0.061000,0.000000,0.095000
45.953,0.088000,2.054000,0.668000,2.435000,0.230000,1.160000,0.562000,0.608000,3.262000,0.888000,0.984000,-0.031000,0.000000,-0.031000
46.003,0.022000,2.020000,0.598000,2.806000,0.164000,1.128000,0.606000,0.608000,3.361000,0.888000,1.082000,0.000000,0.071000,-0.031000
46.079,0.000000,2.122000,0.634000,2.503000,0.197000,1.160000,0.541000,0.608000,3.328000,0.888000,1.017000,0.000000,-0.031000,0.000000
46.130,0.022000,2.020000,0.668000,2.435000,0.164000,1.225000,0.508000,0.738000,3.262000,0.985000,1.017000,0.061000,-0.031000,0.000000
46.196,0.120000,2.020000,0.668000,2.503000,0.197000,1.128000,0.541000,0.608000,3.262000,0.888000,1.017000,-0.062000,0.000000,-0.031000
46.255,0.022000,2.395000,0.632000,2.435000,0.263000,1.128000,0.627000,0.608000,3.361000,0.888000,1.082000,-0.062000,0.000000,0.000000
46.344,0.022000,2.122000,0.601000,2.435000,0.164000,1.128000,0.606000,0.608000,3.262000,0.888000,0.984000,-0.031000,0.000000,-0.031000
46.370,0.022000,2.020000,0.601000,2.537000,0.197000,1.225000,0.508000,0.705000,3.295000,0.985000,0.984000,-0.031000,-0.031000,-0.031000
46.453,0.022000,2.020000,0.634000,2.435000,0.164000,1.160000,0.508000,0.608000,3.295000,0.888000,0.984000,-0.031000,-0.031000,0.095000
46.505,0.000000,2.292000,0.699000,2.469000,0.263000,1.128000,0.627000,0.640000,3.394000,0.888000,1.017000,-0.031000,0.000000,0.063000
46.559,0.000000,2.054000,0.634000,2.435000,0.222000,1.128000,0.541000,0.989000,3.262000,0.888000,1.017000,-0.031000,0.040000,-0.031000
46.610,-0.010000,2.122000,0.601000,2.537000,0.164000,1.225000,0.529000,0.673000,3.262000,0.888000,0.984000,-0.031000,0.102000,-0.031000
46.693,0.000000,2.020000,0.632000,2.469000,0.164000,1.128000,0.573000,0.608000,3.262000,0.888000,0.984000,0.061000,0.000000,0.063000
46.788,0.120000,2.224000,0.770000,2.435000,0.288000,1.160000,0.660000,0.608000,3.295000,0.888000,0.984000,0.000000,-0.031000,-0.031000
46.870,0.000000,2.020000,0.632000,2.435000,0.164000,1.193000,0.541000,0.989000,3.262000,0.888000,1.082000,-0.031000,0.071000,0.000000
46.911,0.022000,2.156000,0.634000,2.537000,0.230000,1.225000,0.508000,0.640000,3.262000,0.888000,1.017000,0.000000,0.031000,0.000000
46.996,0.022000,2.054000,0.634000,2.435000,0.230000,1.128000,0.529000,0.608000,3.262000,0.985000,0.984000,0.061000,0.000000,0.095000
47.087,0.153000,2.020000,0.699000,2.469000,0.230000,1.128000,0.562000,0.738000,3.262000,0.888000,0.984000,0.030000,-0.031000,-0.031000
47.087,0.055000,2.020000,0.632000,2.469000,0.164000,1.160000,0.541000,0.608000,3.394000,0.855000,1.082000,0.000000,0.071000,-0.031000
47.145,0.022000,2.088000,0.634000,2.469000,0.164000,1.160000,0.541000,0.738000,3.328000,0.855000,0.984000,-0.031000,-0.031000,0.000000
47.232,0.000000,2.020000,0.634000,2.435000,0.164000,1.128000,0.508000,0.705000,3.262000,0.953000,1.017000,0.030000,-0.031000,0.000000
47.286,0.120000,2.054000,0.634000,2.402000,0.197000,1.095000,0.508000,0.608000,3.262000,0.855000,0.984000,-0.062000,-0.031000,0.000000
47.345,0.000000,2.088000,0.601000,2.435000,0.197000,1.095000,0.660000,0.608000,3.394000,0.888000,1.049000,-0.062000,0.000000,-0.031000
47.389,0.000000,2.054000,0.567000,2.435000,0.164000,1.128000,0.541000,0.608000,3.295000,0.855000,0.951000,-0.031000,-0.031000,-0.031000
47.460,0.000000,2.020000,0.598000,2.469000,0.164000,1.291000,0.508000,0.705000,3.295000,0.953000,0.984000,-0.031000,-0.031000,-0.031000
47.515,0.022000,2.020000,0.598000,2.435000,0.164000,1.160000,0.508000,0.608000,3.262000,0.888000,0.984000,0.000000,0.000000,0.063000
47.589,-0.033000,2.054000,0.598000,2.435000,0.321000,1.095000,0.606000,0.640000,3.361000,0.888000,1.017000,-0.031000,0.031000,0.000000
47.646,0.022000,2.020000,0.601000,2.503000,0.197000,1.128000,0.541000,0.608000,3.295000,0.888000,0.984000,0.092000,0.071000,-0.031000
47.683,0.022000,2.054000,0.601000,2.537000,0.197000,1.225000,0.562000,0.673000,3.262000,0.920000,0.984000,-0.031000,-0.031000,-0.031000
47.746,0.022000,1.986000,0.634000,2.469000,0.197000,1.128000,0.541000,0.608000,3.295000,0.888000,0.984000,0.092000,-0.031000,0.063000
47.746,0.000000,2.020000,0.699000,2.469000,0.255000,1.160000,0.606000,0.608000,3.295000,0.855000,0.984000,-0.031000,-0.031000,0.000000
47.831,0.000000,2.020000,0.632000,2.469000,0.197000,1.160000,0.508000,0.608000,3.262000,0.953000,1.114000,-0.031000,0.102000,0.032000
47.885,-0.010000,2.156000,0.601000,2.503000,0.230000,1.160000,0.508000,0.640000,3.262000,0.888000,1.017000,-0.031000,0.000000,0.000000
47.953,0.000000,2.020000,0.601000,2.435000,0.197000,1.160000,0.692000,0.608000,3.262000,1.018000,0.984000,0.061000,0.000000,0.095000
47.995,0.088000,2.020000,0.634000,2.435000,0.222000,1.095000,0.529000,0.575000,3.262000,0.888000,0.984000,-0.031000,-0.031000,0.000000
48.064,0.022000,2.054000,0.601000,2.435000,0.164000,1.160000,0.508000,0.608000,3.394000,0.855000,1.082000,0.000000,0.071000,0.000000
48.111,0.000000,2.054000,0.702000,2.503000,0.197000,1.160000,0.541000,0.608000,3.295000,0.855000,0.984000,-0.031000,-0.031000,0.000000
48.191,0.055000,2.020000,0.736000,2.402000,0.197000,1.128000,0.508000,0.738000,3.262000,0.985000,1.017000,0.061000,-0.031000,0.032000
48.238,0.055000,2.088000,0.634000,2.435000,0.197000,1.128000,0.508000,0.640000,3.262000,0.888000,0.984000,-0.031000,0.000000,-0.031000
48.297,0.000000,2.054000,0.634000,2.503000,0.197000,1.160000,0.692000,0.738000,3.394000,0.920000,1.017000,-0.031000,0.000000,-0.031000
48.349,0.022000,2.020000,0.601000,2.435000,0.453000,1.128000,0.541000,0.608000,3.295000,0.888000,0.984000,-0.031000,-0.031000,-0.031000
48.432,0.022000,2.020000,0.871000,2.435000,0.164000,1.291000,0.508000,0.705000,3.295000,0.920000,1.049000,0.000000,-0.031000,0.000000
48.505,0.055000,2.258000,0.632000,2.435000,0.197000,1.193000,0.541000,0.608000,3.295000,0.855000,0.984000,-0.031000,0.000000,0.095000
48.559,0.022000,2.020000,0.598000,2.435000,0.288000,1.128000,0.606000,0.673000,3.361000,0.855000,1.017000,-0.031000,0.000000,-0.031000
48.592,0.022000,2.054000,0.632000,2.435000,0.230000,1.160000,0.541000,0.640000,3.262000,0.920000,0.984000,-0.031000,0.102000,-0.031000
48.756,0.055000,2.020000,0.634000,2.537000,0.197000,1.225000,0.562000,0.608000,3.361000,0.920000,1.017000,-0.031000,0.000000,-0.031000
48.792,0.022000,2.326000,0.598000,2.435000,0.197000,1.160000,0.573000,0.608000,3.295000,0.855000,0.984000,0.092000,-0.031000,0.063000
48.856,0.000000,2.088000,0.699000,2.435000,0.230000,1.160000,0.573000,0.608000,3.295000,0.855000,0.984000,-0.031000,-0.031000,0.032000
48.930,0.000000,2.020000,0.598000,2.435000,0.197000,1.193000,0.508000,0.608000,3.262000,0.855000,1.114000,-0.062000,0.071000,0.000000
48.962,0.000000,2.121000,0.634000,2.469000,0.197000,1.160000,0.692000,0.608000,3.262000,0.888000,0.951000,-0.062000,0.000000,-0.031000
49.013,0.022000,2.020000,0.634000,2.402000,0.230000,1.160000,0.529000,0.575000,3.262000,0.985000,0.984000,0.061000,0.000000,0.095000
49.073,0.088000,2.020000,0.598000,2.435000,0.164000,1.128000,0.541000,0.608000,3.262000,0.855000,0.984000,0.000000,-0.031000,0.000000
49.157,0.022000,2.054000,0.598000,2.503000,0.164000,1.128000,0.541000,0.575000,3.394000,0.855000,1.082000,0.000000,0.071000,0.000000
49.196,0.000000,2.088000,0.770000,2.435000,0.164000,1.160000,0.508000,0.575000,3.262000,0.855000,0.984000,-0.031000,-0.031000,0.000000
49.260,0.055000,2.054000,0.668000,2.402000,0.197000,1.160000,0.508000,0.738000,3.262000,0.985000,0.984000,0.061000,0.000000,0.063000
49.319,0.022000,2.054000,0.601000,2.402000,0.197000,1.128000,0.541000,0.640000,3.295000,0.888000,0.984000,-0.031000,0.000000,-0.031000
49.372,0.022000,2.088000,0.601000,2.435000,0.164000,1.128000,0.627000,0.575000,3.361000,0.888000,1.017000,-0.031000,0.031000,0.000000
49.442,0.000000,2.054000,0.598000,2.435000,0.486000,1.128000,0.508000,0.608000,3.295000,0.888000,0.984000,0.000000,0.031000,-0.031000
49.492,0.120000,2.020000,0.601000,2.402000,0.197000,1.291000,0.508000,0.673000,3.295000,0.920000,0.984000,0.000000,-0.031000,0.000000
49.583,0.000000,2.054000,0.632000,2.402000,0.197000,1.128000,0.541000,0.640000,3.295000,0.855000,1.017000,-0.031000,-0.031000,0.095000
49.630,0.000000,2.020000,0.598000,2.503000,0.288000,1.128000,0.627000,0.608000,3.295000,0.888000,0.984000,-0.031000,0.000000,-0.031000
49.687,0.000000,2.054000,0.601000,2.402000,0.197000,1.160000,0.541000,0.608000,3.262000,0.888000,0.984000,-0.031000,0.133000,0.000000
49.695,0.022000,2.020000,0.601000,2.537000,0.164000,1.225000,0.529000,0.673000,3.262000,0.888000,0.951000,-0.031000,-0.031000,-0.031000
49.729,0.022000,2.020000,0.598000,2.402000,0.230000,1.160000,0.573000,0.575000,3.295000,0.888000,0.984000,0.092000,0.000000,0.063000
49.801,0.022000,2.020000,0.702000,2.435000,0.197000,1.160000,0.541000,0.608000,3.295000,0.855000,0.984000,-0.031000,-0.031000,0.032000
49.876,0.000000,2.054000,0.632000,2.435000,0.197000,1.225000,0.508000,0.608000,3.262000,0.888000,1.114000,-0.031000,0.071000,0.000000
49.918,0.000000,2.121000,0.601000,2.469000,0.197000,1.193000,0.508000,0.608000,3.262000,0.888000,0.984000,-0.031000,0.000000,0.000000
49.977,0.022000,2.088000,0.634000,2.402000,0.263000,1.128000,0.790000,0.608000,3.262000,1.018000,0.984000,0.061000,0.000000,0.063000
50.024,0.055000,2.020000,0.632000,2.435000,0.197000,1.160000,0.541000,0.575000,3.295000,0.855000,1.017000,0.000000,0.000000,-0.031000
50.100,0.022000,2.088000,0.634000,2.469000,0.164000,1.160000,0.508000,0.608000,3.394000,0.855000,1.082000,0.000000,0.040000,0.000000
50.157,-0.010000,2.054000,0.632000,2.402000,0.197000,1.160000,0.508000,0.608000,3.262000,0.888000,1.017000,0.000000,-0.031000,0.032000
50.231,0.088000,2.054000,0.668000,2.402000,0.197000,1.128000,0.508000,0.738000,3.262000,0.920000,1.017000,0.000000,0.000000,0.032000
50.309,0.022000,2.054000,0.668000,2.402000,0.197000,1.128000,0.541000,0.608000,3.295000,0.920000,1.017000,-0.031000,0.000000,0.000000
50.344,0.000000,2.121000,0.634000,2.435000,0.197000,1.128000,0.660000,0.608000,3.361000,0.888000,1.017000,-0.031000,0.000000,-0.031000
50.405,0.055000,2.054000,0.567000,2.435000,0.164000,1.160000,0.573000,0.640000,3.328000,0.920000,0.984000,0.000000,-0.031000,0.000000
50.458,0.120000,2.020000,0.634000,2.402000,0.197000,1.258000,0.508000,0.640000,3.295000,0.888000,1.180000,-0.031000,-0.031000,0.000000
50.519,0.000000,2.020000,0.632000,2.402000,0.197000,1.128000,0.529000,0.640000,3.328000,0.888000,1.017000,-0.031000,0.000000,0.126000
50.637,0.000000,2.054000,0.634000,2.435000,0.288000,1.128000,0.606000,0.640000,3.262000,0.888000,1.017000,-0.031000,0.000000,-0.031000
50.719,0.000000,2.054000,0.869000,2.435000,0.164000,1.193000,0.529000,0.673000,3.295000,0.920000,0.984000,-0.031000,0.133000,0.000000
50.773,0.055000,2.020000,0.634000,2.503000,0.453000,1.225000,0.529000,0.640000,3.295000,0.888000,0.984000,-0.031000,-0.031000,0.000000
50.819,0.022000,2.020000,0.668000,2.402000,0.230000,1.160000,0.573000,0.608000,3.328000,0.855000,0.984000,0.092000,0.000000,0.063000
50.896,0.000000,2.020000,0.702000,2.402000,0.197000,1.160000,0.573000,0.608000,3.262000,0.855000,0.984000,-0.031000,0.000000,0.063000
50.940,0.022000,2.054000,0.634000,2.469000,0.197000,1.225000,0.508000,0.640000,3.262000,0.888000,1.114000,-0.031000,0.071000,0.032000
50.999,0.022000,2.122000,0.668000,2.469000,0.197000,1.128000,0.508000,0.640000,3.520000,0.888000,0.984000,-0.031000,0.000000,0.000000
51.053,0.055000,2.020000,0.668000,2.435000,0.263000,1.128000,0.921000,0.640000,3.262000,1.018000,0.984000,0.061000,0.000000,0.063000
51.137,0.055000,2.020000,0.634000,2.603000,0.197000,1.160000,0.541000,0.575000,3.295000,0.855000,0.984000,-0.031000,0.000000,0.000000
51.188,0.022000,2.088000,0.634000,2.503000,0.197000,1.193000,0.508000,0.608000,3.394000,0.855000,1.049000,0.000000,0.040000,0.000000
51.237,0.022000,2.054000,0.632000,2.435000,0.197000,1.160000,0.508000,0.608000,3.262000,0.888000,1.017000,0.000000,0.000000,0.000000
51.314,0.088000,2.020000,0.668000,2.402000,0.197000,1.128000,0.921000,0.705000,3.262000,0.920000,1.017000,0.000000,0.000000,0.095000
51.358,0.000000,2.054000,0.601000,2.402000,0.197000,1.128000,0.541000,0.608000,3.295000,0.888000,1.017000,-0.062000,0.031000,0.000000
51.435,0.022000,2.088000,0.634000,2.435000,0.197000,1.128000,0.627000,0.608000,3.361000,0.888000,1.017000,0.000000,0.000000,0.000000
51.502,0.022000,2.020000,0.598000,2.435000,0.197000,1.160000,0.921000,0.640000,3.328000,0.953000,0.984000,0.000000,0.000000,0.000000
51.552,0.088000,2.020000,0.634000,2.402000,0.164000,1.291000,0.508000,0.640000,3.295000,0.855000,1.017000,-0.062000,-0.031000,0.032000
51.607,0.000000,2.020000,0.598000,2.402000,0.230000,1.128000,0.541000,0.673000,3.328000,0.888000,1.017000,-0.031000,0.031000,0.126000
51.607,0.000000,2.020000,0.632000,2.402000,0.255000,1.128000,0.573000,0.738000,3.328000,0.888000,0.984000,-0.031000,0.000000,-0.031000
51.660,0.000000,2.020000,0.567000,2.435000,0.164000,1.160000,0.529000,0.640000,3.262000,0.888000,0.984000,-0.031000,0.102000,0.000000
51.714,0.000000,1.986000,0.567000,2.503000,0.197000,1.193000,0.541000,0.575000,3.262000,0.855000,0.984000,0.000000,0.000000,-0.031000
51.786,0.055000,1.986000,0.598000,2.435000,0.255000,1.160000,0.606000,0.608000,3.295000,0.855000,0.984000,0.092000,-0.031000,0.095000
51.890,0.000000,2.292000,0.702000,2.402000,0.197000,1.160000,0.508000,0.608000,3.262000,0.888000,1.017000,-0.031000,-0.031000,0.000000
51.897,0.000000,2.054000,0.567000,2.435000,0.230000,1.193000,0.508000,0.608000,3.262000,0.888000,1.114000,-0.031000,0.102000,0.000000
52.004,0.022000,2.088000,0.598000,2.402000,0.197000,1.095000,0.508000,0.575000,3.262000,0.888000,0.984000,-0.031000,0.031000,0.000000
52.029,0.055000,2.360000,0.598000,2.402000,0.288000,1.095000,0.529000,0.575000,3.262000,1.018000,0.951000,0.061000,-0.031000,0.063000
52.092,0.055000,1.986000,0.598000,2.402000,0.197000,1.128000,0.508000,0.901000,3.295000,0.855000,0.984000,-0.031000,0.031000,-0.031000
52.137,0.000000,2.088000,0.567000,2.469000,0.197000,1.356000,0.508000,0.575000,3.394000,0.855000,1.082000,-0.031000,0.071000,0.000000
52.234,0.000000,1.986000,0.601000,2.402000,0.197000,1.128000,0.508000,0.608000,3.262000,0.888000,1.017000,0.000000,-0.031000,0.000000
52.257,0.088000,2.020000,0.632000,2.402000,0.197000,1.095000,0.508000,0.673000,3.262000,0.953000,0.984000,-0.031000,0.000000,0.000000
52.337,0.022000,2.054000,0.601000,2.435000,0.197000,1.095000,0.541000,0.608000,3.295000,0.888000,1.049000,0.000000,0.000000,-0.031000
52.388,0.055000,2.121000,0.601000,2.469000,0.197000,1.128000,0.660000,0.608000,3.361000,0.855000,1.049000,-0.031000,0.031000,0.000000
52.446,0.000000,2.020000,0.567000,2.368000,0.164000,1.160000,0.888000,0.640000,3.295000,0.920000,0.984000,-0.031000,-0.031000,0.000000
52.582,0.088000,2.020000,0.601000,2.402000,0.230000,1.291000,0.508000,0.608000,3.262000,0.855000,0.984000,0.000000,-0.031000,0.000000
52.645,0.000000,2.360000,0.567000,2.402000,0.230000,1.095000,0.573000,0.608000,3.361000,0.888000,1.017000,-0.031000,0.000000,0.095000
52.680,0.022000,2.020000,0.601000,2.402000,0.288000,1.095000,0.606000,0.608000,3.328000,0.888000,0.984000,-0.031000,0.000000,0.000000
52.728,0.022000,2.020000,0.601000,2.435000,0.197000,1.160000,0.529000,0.673000,3.262000,0.888000,0.984000,-0.031000,0.102000,0.000000
52.815,0.055000,2.020000,0.601000,2.469000,0.197000,1.160000,0.541000,0.608000,3.295000,0.855000,0.984000,0.000000,-0.031000,0.000000
52.886,0.022000,2.020000,0.632000,2.738000,0.230000,1.128000,0.606000,0.608000,3.295000,0.888000,0.984000,0.092000,0.000000,0.063000
52.935,0.000000,2.258000,0.668000,2.402000,0.222000,1.128000,0.573000,0.608000,3.328000,0.888000,1.017000,-0.031000,0.000000,0.032000
53.005,0.022000,2.088000,0.598000,2.469000,0.230000,1.225000,0.508000,0.836000,3.262000,0.855000,1.114000,-0.062000,0.102000,-0.031000
53.039,0.000000,2.122000,0.598000,2.435000,0.197000,1.160000,0.508000,0.608000,3.295000,0.888000,0.984000,-0.031000,0.031000,0.032000
53.113,0.055000,2.020000,0.632000,2.402000,0.263000,1.128000,0.541000,0.575000,3.262000,0.985000,0.984000,0.061000,-0.031000,0.032000
53.187,0.022000,2.020000,0.634000,2.402000,0.197000,1.128000,0.541000,0.608000,3.295000,0.855000,0.984000,0.000000,0.031000,0.000000
53.220,0.000000,2.088000,0.598000,2.503000,0.164000,1.160000,0.508000,0.608000,3.394000,0.855000,1.049000,-0.031000,0.031000,0.000000
53.291,0.000000,2.020000,0.634000,2.435000,0.197000,1.095000,0.541000,0.608000,3.262000,0.888000,1.017000,0.000000,-0.031000,0.000000
53.342,0.088000,2.054000,0.702000,2.368000,0.230000,1.128000,0.508000,0.673000,3.262000,0.888000,0.984000,-0.031000,0.000000,0.000000
53.405,0.022000,2.088000,0.598000,2.435000,0.197000,1.095000,0.541000,0.608000,3.295000,0.888000,1.017000,-0.031000,0.031000,-0.031000
53.477,0.022000,2.121000,0.601000,2.402000,0.164000,1.128000,0.627000,0.608000,3.328000,0.855000,0.984000,-0.031000,-0.031000,-0.031000
53.534,0.000000,2.020000,0.601000,2.402000,0.164000,1.160000,0.508000,0.640000,3.295000,0.920000,0.984000,0.000000,-0.031000,0.000000
53.538,0.088000,2.054000,0.634000,2.402000,0.164000,1.225000,0.529000,0.640000,3.262000,0.855000,0.984000,-0.031000,-0.031000,0.000000
53.578,0.000000,2.054000,0.632000,2.402000,0.230000,1.128000,0.573000,0.640000,3.361000,0.855000,1.017000,-0.031000,-0.031000,-0.031000
53.637,0.000000,2.054000,0.634000,2.402000,0.255000,1.095000,0.573000,0.608000,3.262000,1.083000,1.017000,-0.031000,0.000000,-0.031000
53.693,0.022000,2.020000,0.634000,2.469000,0.197000,1.160000,0.562000,0.673000,3.262000,0.888000,0.951000,-0.031000,0.102000,0.000000
53.759,0.022000,2.054000,0.634000,2.469000,0.197000,1.128000,0.562000,0.608000,3.295000,0.888000,0.984000,0.000000,0.000000,0.000000
53.821,0.000000,2.054000,0.668000,2.435000,0.230000,1.160000,0.606000,0.575000,3.295000,0.855000,0.984000,0.092000,-0.031000,0.063000
53.892,0.000000,2.020000,0.632000,2.368000,0.131000,1.128000,0.573000,0.608000,3.262000,0.855000,0.984000,-0.031000,0.000000,-0.031000
53.940,-0.033000,2.088000,0.567000,2.469000,0.197000,1.193000,0.508000,0.608000,3.262000,0.855000,1.082000,-0.031000,0.071000,-0.031000
53.999,-0.033000,2.122000,0.634000,2.402000,0.420000,1.095000,0.541000,0.575000,3.262000,0.888000,0.951000,0.000000,0.000000,0.000000
54.076,0.055000,2.020000,0.632000,2.435000,0.255000,1.095000,0.529000,0.575000,3.262000,0.985000,0.984000,0.030000,-0.031000,0.000000
54.132,0.000000,2.020000,0.632000,2.402000,0.164000,1.095000,0.508000,0.608000,3.295000,0.855000,0.984000,0.000000,0.031000,-0.031000
54.180,0.000000,2.156000,0.634000,2.469000,0.164000,1.540000,0.541000,0.575000,3.394000,0.855000,1.017000,-0.062000,0.000000,0.000000
54.243,-0.033000,2.088000,0.598000,2.402000,0.486000,1.160000,0.508000,0.640000,3.262000,0.888000,0.984000,0.000000,-0.031000,0.000000
54.322,0.120000,2.054000,0.666000,2.368000,0.197000,1.095000,0.508000,0.673000,3.262000,0.888000,0.984000,0.000000,0.000000,-0.031000
54.428,0.000000,2.088000,0.567000,2.402000,0.164000,1.095000,0.606000,0.575000,3.295000,0.888000,1.049000,-0.062000,0.000000,-0.031000
54.491,-0.033000,2.156000,0.601000,2.469000,0.164000,1.095000,0.660000,0.608000,3.295000,0.855000,1.017000,-0.031000,0.000000,-0.031000
54.542,-0.033000,2.020000,0.567000,2.368000,0.164000,1.160000,0.508000,0.640000,3.295000,0.920000,0.984000,-0.031000,-0.031000,-0.031000
54.604,0.055000,2.020000,0.598000,2.368000,0.164000,1.193000,0.508000,0.608000,3.262000,0.822000,1.212000,0.030000,-0.031000,0.000000
54.699,-0.033000,2.054000,0.567000,2.435000,0.230000,1.095000,0.606000,0.640000,3.328000,0.855000,1.017000,-0.062000,0.000000,-0.031000
54.734,-0.033000,2.360000,0.634000,2.402000,0.255000,1.095000,0.541000,0.608000,3.262000,0.855000,0.951000,-0.062000,0.000000,-0.031000
54.808,-0.033000,2.054000,0.567000,2.469000,0.164000,1.160000,0.529000,0.705000,3.262000,0.888000,0.951000,-0.031000,-0.031000,-0.031000
54.838,-0.033000,2.020000,0.567000,2.435000,0.164000,1.095000,0.508000,0.575000,3.328000,0.855000,0.951000,0.000000,-0.031000,0.000000
54.924,0.000000,2.054000,0.699000,2.435000,0.263000,1.160000,0.627000,0.608000,3.295000,0.855000,0.984000,-0.062000,0.000000,0.063000
54.968,-0.033000,2.020000,0.601000,2.368000,0.164000,1.095000,0.508000,0.608000,3.262000,0.888000,1.017000,-0.031000,0.031000,0.000000
55.055,0.000000,2.156000,0.598000,2.503000,0.197000,1.193000,0.508000,0.608000,3.262000,0.888000,0.984000,-0.062000,0.040000,-0.031000
55.083,-0.033000,2.054000,0.601000,2.402000,0.164000,1.063000,0.855000,0.640000,3.262000,0.920000,0.951000,0.000000,0.000000,0.032000
55.151,0.022000,2.054000,0.666000,2.402000,0.255000,1.063000,0.562000,0.608000,3.262000,0.855000,0.951000,0.030000,-0.031000,0.000000
55.256,0.000000,2.054000,0.598000,2.402000,0.164000,1.095000,0.508000,0.608000,3.328000,0.855000,1.017000,0.030000,0.031000,-0.031000
55.271,-0.065000,2.156000,0.634000,2.469000,0.164000,1.095000,0.541000,0.608000,3.262000,0.855000,1.082000,-0.031000,-0.031000,-0.031000
55.321,0.000000,2.088000,0.598000,2.402000,0.197000,1.063000,0.529000,0.673000,3.262000,0.953000,1.017000,0.030000,0.000000,0.063000
55.377,0.088000,2.088000,0.702000,2.435000,0.197000,1.095000,0.508000,0.608000,3.295000,0.953000,0.984000,0.030000,0.000000,0.000000
55.468,-0.033000,2.054000,0.634000,2.402000,0.197000,1.095000,0.606000,0.608000,3.328000,0.888000,1.049000,-0.031000,0.000000,-0.031000
55.491,0.000000,2.156000,0.634000,2.435000,0.164000,1.128000,0.541000,0.608000,3.295000,0.888000,1.017000,0.000000,-0.031000,-0.031000
55.517,0.000000,2.054000,0.634000,2.402000,0.164000,1.193000,0.529000,0.673000,3.295000,0.985000,0.984000,0.000000,-0.031000,-0.031000
55.594,0.055000,2.054000,0.598000,2.402000,0.164000,1.193000,0.725000,0.640000,3.262000,0.920000,1.017000,-0.031000,-0.031000,0.000000
55.616,0.000000,2.054000,0.632000,2.402000,0.288000,1.442000,0.660000,0.640000,3.361000,0.888000,0.984000,-0.031000,0.031000,-0.031000
55.702,0.000000,2.088000,0.634000,2.402000,0.197000,1.095000,0.541000,0.608000,3.262000,0.888000,0.984000,-0.031000,0.031000,-0.031000
55.749,0.000000,2.088000,0.567000,2.503000,0.164000,1.160000,0.562000,0.673000,3.262000,0.888000,0.984000,-0.031000,-0.031000,-0.062000
55.805,-0.033000,2.054000,0.567000,2.469000,0.164000,1.128000,0.508000,0.608000,3.262000,0.855000,0.984000,0.000000,-0.031000,0.000000
55.906,-0.033000,2.054000,0.666000,2.435000,0.255000,1.160000,0.606000,0.608000,3.262000,0.855000,0.984000,-0.062000,0.000000,0.032000
55.932,-0.033000,2.054000,0.634000,2.402000,0.164000,1.095000,0.508000,0.608000,3.228000,0.855000,1.017000,-0.062000,0.031000,-0.031000
55.979,0.055000,2.156000,0.601000,2.469000,0.197000,1.225000,0.508000,0.640000,3.262000,0.888000,0.951000,-0.062000,0.031000,-0.062000
56.043,-0.033000,2.054000,0.598000,2.435000,0.164000,1.095000,0.529000,0.608000,3.228000,0.920000,0.951000,0.030000,-0.031000,0.063000
56.106,0.088000,2.054000,0.632000,2.402000,0.321000,1.095000,0.529000,0.575000,3.262000,0.855000,0.984000,0.000000,-0.031000,-0.062000
56.181,-0.033000,2.054000,0.598000,2.402000,0.164000,1.128000,0.508000,0.608000,3.328000,0.855000,1.049000,0.000000,0.071000,-0.031000
56.242,-0.033000,2.121000,0.601000,2.469000,0.164000,1.128000,0.508000,0.608000,3.228000,0.855000,0.984000,-0.031000,-0.031000,-0.031000
56.305,0.000000,2.088000,0.567000,2.368000,0.164000,1.095000,0.855000,0.673000,3.228000,0.953000,0.984000,0.030000,0.000000,0.032000
56.403,0.055000,2.054000,0.668000,2.402000,0.164000,1.095000,0.541000,0.608000,3.228000,0.888000,0.951000,-0.062000,0.349000,-0.031000
56.497,-0.033000,2.054000,0.598000,2.402000,0.164000,1.063000,0.606000,0.608000,3.361000,0.888000,1.082000,0.000000,0.071000,-0.031000
56.532,-0.033000,2.121000,0.567000,2.402000,0.131000,1.095000,0.508000,0.575000,3.262000,0.855000,0.951000,-0.031000,-0.031000,-0.062000
56.582,-0.033000,2.020000,0.598000,2.402000,0.131000,1.193000,0.508000,0.705000,3.262000,0.953000,0.984000,0.030000,-0.031000,-0.031000
56.661,0.022000,2.020000,0.601000,2.402000,0.164000,1.063000,0.508000,0.608000,3.228000,0.855000,1.049000,0.000000,-0.031000,0.000000
56.701,-0.033000,2.020000,0.598000,2.435000,0.255000,1.095000,0.627000,0.640000,3.328000,0.888000,1.049000,-0.031000,0.000000,-0.031000
56.774,-0.033000,2.054000,0.567000,2.402000,0.131000,1.063000,0.541000,0.608000,3.228000,0.888000,0.951000,-0.031000,0.040000,-0.031000
56.824,-0.033000,2.020000,0.601000,2.503000,0.164000,1.193000,0.562000,0.705000,3.262000,0.953000,0.951000,-0.031000,-0.031000,-0.031000
56.903,-0.033000,2.020000,0.601000,2.402000,0.131000,1.128000,0.541000,0.575000,3.262000,0.855000,0.951000,0.061000,-0.031000,0.063000
56.955,-0.033000,2.020000,0.668000,2.435000,0.255000,1.128000,0.606000,0.608000,3.328000,0.855000,0.984000,-0.031000,-0.031000,0.000000
57.015,-0.033000,2.020000,0.632000,2.402000,0.197000,1.095000,0.508000,0.640000,3.262000,0.855000,1.049000,-0.031000,0.071000,-0.062000
57.082,-0.033000,2.156000,0.634000,2.469000,0.197000,1.193000,0.562000,0.640000,3.262000,0.888000,0.951000,-0.062000,0.000000,-0.031000
57.149,-0.033000,2.020000,0.634000,2.402000,0.164000,1.063000,0.529000,0.608000,3.262000,0.953000,0.951000,0.030000,0.000000,0.063000
57.203,0.055000,2.020000,0.632000,2.402000,0.222000,1.095000,0.573000,0.608000,3.262000,0.855000,0.951000,0.030000,-0.031000,-0.031000
57.253,-0.033000,2.020000,0.601000,2.402000,0.164000,1.128000,0.508000,0.608000,3.361000,0.920000,1.082000,-0.031000,0.071000,0.000000
57.329,-0.065000,2.088000,0.598000,2.435000,0.131000,1.128000,0.508000,0.608000,3.295000,0.855000,0.984000,-0.031000,-0.031000,-0.031000
57.388,-0.033000,2.020000,0.598000,2.368000,0.164000,1.095000,0.508000,0.705000,3.228000,0.985000,0.984000,0.061000,-0.031000,0.063000
57.388,0.022000,2.020000,0.634000,2.368000,0.197000,1.095000,0.508000,0.575000,3.262000,0.855000,0.951000,-0.031000,0.000000,-0.031000
57.448,-0.065000,2.020000,0.567000,2.402000,0.164000,1.095000,0.660000,0.608000,3.328000,0.888000,1.049000,-0.031000,0.071000,-0.031000
57.501,-0.033000,2.020000,0.567000,2.402000,0.131000,1.095000,0.508000,0.640000,3.262000,0.855000,0.951000,-0.031000,-0.031000,-0.062000
57.553,0.022000,1.986000,0.601000,2.368000,0.131000,1.225000,0.725000,0.738000,3.262000,0.953000,0.984000,0.030000,-0.031000,-0.031000
57.613,-0.010000,2.020000,0.634000,2.368000,0.164000,1.356000,0.508000,0.608000,3.262000,0.855000,0.984000,-0.031000,0.000000,0.063000
57.662,-0.033000,2.020000,0.567000,2.738000,0.288000,1.063000,0.627000,0.640000,3.328000,0.855000,1.017000,0.030000,0.000000,-0.062000
57.760,-0.033000,2.020000,0.567000,2.469000,0.131000,1.063000,0.541000,0.608000,3.228000,0.888000,0.951000,-0.031000,0.040000,-0.031000
57.792,-0.033000,1.986000,0.567000,2.537000,0.131000,1.193000,0.529000,0.673000,3.228000,0.888000,0.951000,-0.031000,-0.031000,-0.062000
57.850,-0.033000,1.986000,0.567000,2.368000,0.164000,1.095000,0.541000,0.575000,3.262000,0.855000,0.951000,0.061000,0.000000,0.063000
57.905,-0.065000,1.986000,0.632000,2.704000,0.222000,1.095000,0.573000,0.608000,3.262000,0.855000,0.984000,-0.062000,-0.031000,0.000000
57.982,-0.033000,1.986000,0.598000,2.402000,0.164000,1.095000,0.508000,0.608000,3.228000,0.953000,1.049000,-0.062000,0.071000,-0.062000
58.041,-0.065000,2.121000,0.601000,2.469000,0.164000,1.128000,0.529000,0.608000,3.228000,0.888000,0.951000,-0.031000,0.031000,-0.031000
58.096,-0.033000,1.986000,0.601000,2.402000,0.164000,1.063000,0.529000,0.608000,3.262000,0.985000,0.951000,0.061000,-0.031000,0.032000
58.144,0.055000,1.986000,0.634000,2.402000,0.164000,1.225000,0.573000,0.608000,3.262000,0.855000,0.951000,-0.031000,-0.031000,-0.031000
58.229,-0.065000,2.020000,0.598000,2.435000,0.131000,1.128000,0.508000,0.608000,3.361000,0.855000,1.082000,-0.031000,0.071000,0.000000
58.341,-0.033000,2.054000,0.736000,2.435000,0.131000,1.095000,0.508000,0.608000,3.228000,0.855000,0.984000,-0.031000,0.000000,-0.031000
58.399,0.022000,2.020000,0.634000,2.402000,0.164000,1.063000,0.508000,0.738000,3.228000,0.953000,0.951000,0.061000,0.000000,0.032000
58.487,0.000000,2.156000,0.567000,2.368000,0.131000,1.095000,0.541000,0.608000,3.228000,0.888000,0.951000,-0.062000,0.000000,-0.031000
58.505,-0.033000,2.054000,0.567000,2.402000,0.131000,1.095000,0.627000,0.575000,3.361000,0.855000,1.049000,-0.031000,0.071000,-0.062000
58.596,-0.033000,1.986000,0.601000,2.368000,0.420000,1.095000,0.508000,0.608000,3.262000,0.855000,0.951000,-0.031000,-0.031000,-0.031000
58.628,0.022000,1.986000,0.601000,2.368000,0.131000,1.225000,0.508000,0.673000,3.228000,0.888000,0.984000,0.030000,-0.031000,-0.031000
58.688,-0.065000,2.224000,0.598000,2.368000,0.131000,1.063000,0.541000,0.608000,3.228000,0.855000,0.984000,-0.062000,-0.031000,0.063000
58.769,-0.065000,2.020000,0.601000,2.402000,0.255000,1.095000,0.627000,0.575000,3.328000,0.888000,1.017000,-0.031000,-0.031000,-0.031000
58.826,-0.065000,1.986000,0.567000,2.402000,0.131000,1.095000,0.573000,0.640000,3.228000,0.985000,0.951000,-0.031000,0.102000,-0.062000
58.875,-0.033000,1.986000,0.601000,2.503000,0.131000,1.160000,0.529000,0.608000,3.262000,0.855000,0.951000,-0.031000,-0.031000,-0.062000
58.951,-0.033000,1.986000,0.567000,2.368000,0.164000,1.095000,0.573000,0.575000,3.262000,0.855000,0.951000,0.092000,0.000000,0.063000
58.986,-0.010000,1.986000,0.632000,2.368000,0.197000,1.095000,0.573000,0.608000,3.295000,0.855000,0.984000,-0.031000,-0.031000,-0.031000
59.055,-0.033000,2.054000,0.567000,2.402000,0.164000,1.160000,0.508000,0.608000,3.228000,0.855000,1.082000,0.000000,0.102000,-0.031000
59.129,-0.065000,2.088000,0.567000,2.402000,0.164000,1.160000,0.541000,0.640000,3.228000,0.855000,0.951000,-0.062000,0.000000,-0.062000
59.206,-0.033000,2.360000,0.598000,2.402000,0.197000,1.063000,0.562000,0.575000,3.228000,0.985000,0.951000,0.061000,0.000000,0.032000
59.225,0.055000,1.986000,0.666000,2.402000,0.164000,1.095000,0.606000,0.575000,3.262000,0.855000,0.951000,-0.031000,-0.031000,-0.031000
59.298,-0.065000,2.054000,0.598000,2.435000,0.131000,1.128000,0.541000,0.608000,3.361000,0.855000,1.082000,-0.031000,0.071000,-0.031000
59.305,-0.033000,2.054000,0.632000,2.368000,0.164000,1.063000,0.541000,0.640000,3.228000,0.855000,0.951000,-0.031000,-0.031000,0.391000
59.353,0.022000,2.054000,0.634000,2.402000,0.164000,1.095000,0.529000,0.738000,3.228000,0.953000,0.951000,0.030000,0.000000,0.000000
59.405,0.000000,2.020000,0.632000,2.402000,0.164000,1.063000,0.541000,0.608000,3.228000,0.888000,0.984000,-0.031000,0.195000,-0.031000
59.467,0.000000,2.121000,0.601000,2.435000,0.164000,1.095000,0.692000,0.608000,3.361000,0.855000,1.049000,0.000000,0.031000,-0.031000
59.533,-0.033000,2.054000,0.598000,2.368000,0.164000,1.128000,0.541000,0.608000,3.262000,0.888000,0.951000,-0.031000,-0.031000,-0.031000
59.584,0.022000,2.054000,0.601000,2.402000,0.131000,1.225000,0.508000,0.673000,3.228000,0.888000,0.984000,0.000000,-0.031000,-0.031000
59.645,-0.010000,2.020000,0.598000,2.368000,0.164000,1.095000,0.573000,0.608000,3.262000,0.888000,0.984000,-0.031000,0.000000,-0.031000
59.717,-0.033000,2.190000,0.601000,2.435000,0.255000,1.095000,0.627000,0.608000,3.262000,0.888000,0.984000,-0.031000,0.000000,-0.031000
59.772,0.000000,2.020000,0.601000,2.435000,0.164000,1.128000,0.595000,0.640000,3.262000,0.888000,0.951000,0.000000,0.000000,-0.031000
59.821,-0.033000,1.986000,0.601000,2.503000,0.131000,1.225000,0.508000,0.640000,3.262000,0.822000,0.951000,0.000000,0.226000,-0.031000
59.913,-0.033000,2.020000,0.598000,2.435000,0.197000,1.128000,0.627000,0.608000,3.262000,0.822000,0.951000,-0.031000,-0.031000,0.063000
59.972,-0.033000,2.020000,0.666000,2.402000,0.197000,1.095000,0.573000,0.608000,3.295000,0.855000,0.984000,-0.031000,0.000000,-0.031000
60.017,0.000000,2.054000,0.598000,2.435000,0.164000,1.160000,0.508000,0.640000,3.228000,0.888000,0.951000,-0.031000,0.102000,-0.031000
60.088,-0.033000,2.088000,0.601000,2.402000,0.164000,1.095000,0.529000,0.608000,3.262000,0.888000,0.984000,-0.031000,0.000000,-0.031000
60.162,0.000000,1.986000,0.634000,2.402000,0.230000,1.128000,0.562000,0.608000,3.262000,0.985000,0.984000,0.092000,-0.031000,0.063000
60.260,0.022000,2.020000,0.634000,2.435000,0.131000,1.128000,0.541000,0.640000,3.295000,0.855000,0.951000,0.000000,0.000000,-0.031000
60.352,-0.033000,2.088000,0.601000,2.469000,0.164000,1.128000,0.541000,0.608000,3.361000,0.855000,1.082000,-0.062000,0.071000,0.000000
60.372,-0.033000,2.054000,0.733000,2.469000,0.164000,1.128000,0.508000,0.640000,3.228000,0.855000,0.984000,-0.031000,-0.031000,0.000000
60.419,0.022000,2.054000,0.668000,2.402000,0.164000,1.095000,0.529000,0.738000,3.228000,0.920000,0.951000,0.000000,0.000000,0.000000
60.505,-0.033000,2.054000,0.567000,2.402000,0.131000,1.128000,0.573000,0.608000,3.228000,0.888000,1.017000,-0.031000,0.380000,0.000000
60.565,0.000000,2.088000,0.567000,2.435000,0.164000,1.128000,0.692000,0.608000,3.328000,0.855000,0.984000,0.000000,0.000000,-0.062000
60.611,-0.033000,2.054000,0.601000,2.402000,0.131000,1.128000,0.541000,0.640000,3.262000,0.888000,0.951000,0.000000,-0.031000,-0.031000
60.692,0.055000,1.986000,0.601000,2.368000,0.164000,1.258000,0.529000,0.705000,3.228000,0.855000,0.984000,-0.031000,-0.031000,0.000000
60.731,-0.033000,2.020000,0.598000,2.402000,0.197000,1.128000,0.562000,0.640000,3.295000,0.855000,0.984000,-0.031000,0.031000,-0.062000
60.800,-0.033000,2.054000,0.601000,2.469000,0.255000,1.128000,0.606000,0.608000,3.262000,0.888000,1.017000,-0.031000,0.000000,-0.031000
60.853,-0.033000,2.020000,0.601000,2.435000,0.164000,1.160000,0.595000,0.673000,3.228000,0.888000,0.951000,-0.031000,-0.031000,-0.031000
60.915,0.000000,2.020000,0.837000,2.503000,0.131000,1.160000,0.508000,0.608000,3.262000,0.855000,0.951000,0.000000,-0.031000,-0.031000
60.988,-0.033000,2.020000,0.598000,2.368000,0.197000,1.193000,0.595000,0.608000,3.228000,0.855000,0.984000,-0.031000,-0.031000,0.095000
61.050,-0.033000,2.020000,0.668000,2.435000,0.222000,1.128000,0.606000,0.608000,3.228000,0.855000,0.984000,-0.062000,-0.031000,-0.031000
61.091,-0.033000,2.088000,0.598000,2.469000,0.197000,1.193000,0.508000,0.640000,3.228000,0.855000,0.951000,-0.062000,0.102000,-0.031000
61.146,-0.010000,2.054000,0.601000,2.402000,0.164000,1.095000,0.790000,0.673000,3.228000,0.888000,0.951000,-0.031000,0.000000,-0.031000
61.235,0.022000,1.986000,0.632000,2.402000,0.255000,1.128000,0.529000,0.575000,3.228000,0.855000,0.951000,0.092000,0.000000,0.063000
61.236,0.000000,2.020000,0.668000,2.402000,0.164000,1.160000,0.541000,0.608000,3.262000,0.822000,0.984000,0.000000,0.000000,0.000000
61.283,-0.033000,2.122000,0.598000,2.503000,0.164000,1.128000,0.541000,0.608000,3.228000,0.855000,1.082000,-0.031000,0.031000,0.000000
61.341,-0.033000,2.020000,0.601000,2.402000,0.164000,1.095000,0.855000,0.640000,3.228000,0.855000,0.984000,0.000000,-0.031000,0.000000
61.395,0.088000,2.054000,0.668000,2.368000,0.197000,1.128000,0.573000,0.738000,3.195000,0.953000,0.951000,0.061000,0.000000,0.032000
61.457,-0.033000,2.054000,0.601000,2.402000,0.131000,1.095000,0.573000,0.608000,3.262000,0.888000,1.017000,-0.031000,0.000000,-0.031000
61.516,-0.033000,2.121000,0.598000,2.571000,0.164000,1.128000,0.660000,0.608000,3.295000,0.855000,0.984000,-0.031000,-0.031000,-0.031000
61.592,-0.033000,2.020000,0.567000,2.368000,0.131000,1.160000,0.541000,0.640000,3.262000,0.888000,0.951000,0.000000,-0.031000,0.000000
61.636,0.055000,2.020000,0.634000,2.368000,0.197000,1.258000,0.508000,0.673000,3.228000,0.920000,0.984000,0.030000,-0.031000,0.000000
61.696,-0.033000,2.020000,0.567000,2.368000,0.197000,1.128000,0.573000,0.640000,3.295000,0.855000,0.984000,-0.031000,0.000000,0.000000
61.790,-0.033000,2.054000,0.567000,2.402000,0.255000,1.095000,0.606000,0.608000,3.262000,0.855000,0.984000,-0.062000,0.000000,-0.062000
61.816,0.000000,2.020000,0.567000,2.469000,0.164000,1.160000,0.529000,0.673000,3.228000,0.888000,0.951000,-0.031000,-0.031000,-0.031000
61.889,0.000000,2.020000,0.601000,2.503000,0.164000,1.225000,0.692000,0.640000,3.262000,0.855000,0.951000,0.000000,-0.031000,0.000000
61.940,-0.033000,2.429000,0.634000,2.402000,0.230000,1.160000,0.606000,0.608000,3.262000,0.855000,0.984000,-0.031000,0.000000,0.063000
61.994,0.000000,2.020000,0.598000,2.368000,0.164000,1.128000,0.541000,0.608000,3.195000,0.855000,0.984000,-0.062000,-0.031000,-0.031000
62.048,0.000000,2.088000,0.598000,2.435000,0.197000,1.193000,0.508000,0.640000,3.228000,0.855000,0.951000,-0.031000,0.102000,-0.031000
62.171,-0.033000,2.156000,0.567000,2.469000,0.164000,1.160000,0.573000,0.575000,3.228000,0.888000,0.951000,-0.031000,0.000000,0.000000
62.231,0.055000,2.020000,0.632000,2.435000,0.255000,1.128000,0.562000,0.608000,3.228000,0.855000,0.951000,0.061000,0.000000,0.063000
62.290,0.022000,2.020000,0.634000,2.402000,0.131000,1.128000,0.508000,0.608000,3.262000,0.822000,0.951000,-0.031000,0.000000,-0.031000
62.371,-0.065000,2.088000,0.567000,2.469000,0.164000,1.128000,0.508000,0.608000,3.195000,0.855000,1.017000,-0.062000,0.031000,-0.031000
62.407,-0.033000,2.088000,0.567000,2.435000,0.197000,1.128000,0.541000,0.640000,3.228000,0.888000,0.951000,0.000000,0.000000,0.000000
62.474,0.055000,2.054000,0.666000,2.368000,0.164000,1.128000,0.529000,0.608000,3.228000,0.888000,0.951000,-0.031000,0.000000,-0.062000
62.534,0.022000,2.020000,0.533000,2.402000,0.164000,1.128000,0.573000,0.608000,3.262000,0.855000,1.017000,-0.031000,0.000000,-0.062000
62.591,-0.033000,2.122000,0.567000,2.402000,0.197000,1.128000,0.508000,0.608000,3.262000,0.855000,0.984000,-0.031000,-0.031000,-0.031000
62.653,-0.033000,2.054000,0.601000,2.402000,0.164000,1.193000,0.508000,0.673000,3.295000,0.920000,0.951000,0.061000,-0.031000,-0.031000
62.722,0.055000,2.020000,0.804000,2.368000,0.164000,1.128000,0.508000,0.673000,3.228000,0.855000,0.984000,-0.031000,-0.031000,-0.031000
62.767,-0.010000,2.054000,0.533000,2.402000,0.230000,1.128000,0.606000,0.640000,3.295000,0.855000,0.984000,-0.031000,0.000000,-0.031000
62.825,0.000000,2.054000,0.634000,2.435000,0.197000,1.128000,0.573000,0.608000,3.228000,0.888000,0.951000,-0.031000,0.000000,-0.031000
62.911,0.000000,2.054000,0.632000,2.469000,0.519000,1.225000,0.529000,0.673000,3.228000,0.888000,0.951000,-0.031000,-0.031000,-0.031000
62.959,0.000000,2.020000,0.567000,2.469000,0.131000,1.225000,0.541000,0.640000,3.262000,0.855000,0.951000,0.000000,0.000000,-0.031000
63.022,0.000000,2.020000,0.666000,2.402000,0.255000,1.160000,0.627000,0.608000,3.262000,0.855000,0.984000,-0.031000,-0.031000,0.063000
63.074,-0.033000,2.020000,0.668000,2.435000,0.164000,1.128000,0.573000,0.673000,3.262000,0.855000,0.984000,-0.031000,0.000000,-0.031000
63.128,0.000000,2.122000,0.601000,2.469000,0.230000,1.225000,0.562000,0.640000,3.228000,0.855000,0.919000,-0.031000,0.102000,-0.031000
63.128,-0.033000,2.088000,0.598000,2.435000,0.255000,1.128000,0.562000,0.640000,3.262000,0.888000,0.951000,0.000000,0.000000,0.000000
63.213,0.055000,2.020000,0.634000,2.435000,0.288000,1.128000,0.562000,0.608000,3.262000,0.822000,0.951000,0.030000,0.000000,0.000000
63.258,0.055000,2.020000,0.598000,2.368000,0.164000,1.160000,0.541000,0.608000,3.262000,0.822000,0.984000,0.000000,0.031000,-0.031000
63.324,-0.033000,2.122000,0.634000,2.469000,0.164000,1.160000,0.541000,0.608000,3.228000,0.822000,0.984000,-0.031000,0.000000,0.032000
63.370,0.000000,2.020000,0.567000,2.368000,0.164000,1.160000,0.541000,0.640000,3.262000,0.855000,0.984000,0.000000,0.000000,0.032000
63.454,0.088000,2.054000,0.702000,2.402000,0.197000,1.128000,0.562000,0.608000,3.228000,0.888000,0.919000,-0.031000,0.000000,0.000000
63.490,-0.033000,2.020000,0.634000,2.402000,0.164000,1.128000,0.606000,0.608000,3.262000,0.855000,1.017000,-0.031000,0.071000,-0.062000
63.575,0.000000,2.088000,0.601000,2.402000,0.164000,1.128000,0.573000,0.640000,3.295000,0.822000,0.951000,0.000000,-0.031000,-0.031000
63.729,-0.033000,2.020000,0.601000,2.402000,0.164000,1.193000,0.508000,0.673000,3.228000,0.920000,0.919000,0.061000,-0.031000,0.000000
63.735,0.055000,2.020000,0.632000,2.368000,0.164000,1.128000,0.758000,0.640000,3.228000,0.888000,0.984000,0.000000,0.000000,0.000000
63.740,0.000000,2.054000,0.632000,2.402000,0.230000,1.128000,0.606000,0.640000,3.295000,0.822000,0.951000,-0.031000,0.031000,-0.062000
63.810,-0.033000,2.054000,0.601000,2.402000,0.197000,1.128000,0.573000,0.608000,3.228000,0.888000,0.919000,-0.031000,0.000000,-0.031000
63.864,0.350000,2.020000,0.837000,2.469000,0.552000,1.193000,0.562000,0.673000,3.195000,0.855000,0.919000,-0.031000,-0.031000,-0.031000
63.947,0.000000,2.020000,0.634000,2.469000,0.164000,1.225000,0.508000,0.608000,3.262000,0.822000,0.919000,0.000000,-0.031000,-0.031000
63.976,-0.065000,2.020000,0.668000,2.402000,0.230000,1.160000,0.627000,0.608000,3.228000,0.822000,0.919000,-0.062000,0.000000,0.032000
64.107,0.055000,2.020000,0.668000,2.368000,0.131000,1.128000,0.541000,0.608000,3.228000,0.822000,0.951000,-0.031000,0.000000,-0.031000
64.171,-0.033000,2.122000,0.634000,2.469000,0.164000,1.225000,0.508000,0.640000,3.228000,0.855000,0.919000,-0.062000,0.102000,-0.031000
64.212,-0.033000,2.054000,0.601000,2.402000,0.164000,1.128000,0.541000,0.608000,3.195000,0.855000,0.919000,0.000000,0.000000,0.032000
64.283,0.055000,2.020000,0.702000,2.402000,0.255000,1.128000,0.562000,0.608000,3.228000,0.822000,0.919000,0.030000,0.000000,-0.031000
64.372,-0.043000,1.986000,0.567000,2.368000,0.131000,1.160000,0.541000,0.956000,3.262000,0.822000,0.951000,-0.031000,0.031000,-0.062000
64.394,-0.065000,2.121000,0.634000,2.469000,0.164000,1.160000,0.541000,0.608000,3.228000,0.822000,1.017000,-0.031000,0.031000,-0.031000
64.476,-0.033000,2.020000,0.601000,2.368000,0.164000,1.128000,0.508000,0.673000,3.228000,0.888000,0.951000,0.030000,0.000000,0.063000
64.531,0.088000,2.020000,0.632000,2.402000,0.197000,1.128000,0.529000,0.575000,3.195000,0.855000,0.919000,-0.031000,0.031000,-0.031000
64.573,-0.033000,2.054000,0.634000,2.402000,0.164000,1.128000,0.606000,0.608000,3.262000,0.855000,0.984000,-0.031000,0.040000,-0.031000
64.656,-0.033000,2.122000,0.598000,2.435000,0.164000,1.160000,0.541000,0.836000,3.328000,0.790000,0.951000,0.000000,0.000000,0.000000
64.715,0.000000,2.054000,0.632000,2.368000,0.164000,1.225000,0.529000,0.673000,3.262000,0.888000,0.886000,0.061000,0.000000,0.000000
64.768,0.088000,2.054000,0.634000,2.402000,0.164000,1.128000,0.508000,0.575000,3.228000,0.736000,0.854000,-0.031000,-0.031000,-0.031000
64.830,0.022000,2.054000,0.598000,2.334000,0.230000,1.160000,0.541000,0.575000,3.295000,0.540000,0.572000,-0.031000,0.031000,-0.062000
64.880,0.055000,2.020000,0.601000,2.368000,0.066000,1.193000,0.541000,0.510000,3.030000,0.692000,0.767000,-0.031000,0.031000,-0.062000
64.941,0.120000,1.986000,0.567000,2.537000,-0.165000,1.291000,0.443000,0.542000,2.740000,0.573000,-1.492000,0.000000,-0.031000,-0.031000
65.008,0.120000,1.918000,0.499000,2.704000,-0.484000,1.160000,0.313000,0.358000,2.155000,-2.516000,-2.593000,0.000000,0.000000,0.000000
65.070,0.153000,1.850000,0.468000,1.965000,-0.132000,0.783000,0.280000,0.228000,1.201000,0.227000,0.194000,-0.031000,0.000000,0.032000
65.070,0.186000,1.748000,0.401000,-0.193000,-0.165000,0.458000,0.150000,0.098000,0.658000,-2.516000,-2.593000,-0.031000,0.000000,-0.031000
65.123,0.186000,1.816000,0.064000,-0.359000,-0.165000,0.374000,0.032000,0.033000,0.215000,-1.122000,-0.247000,-0.031000,0.102000,-0.062000
65.188,0.186000,1.748000,-0.067000,-0.393000,-0.189000,0.032000,0.000000,-0.032000,-0.226000,-2.452000,-2.562000,0.000000,0.031000,0.000000
65.257,0.219000,1.645000,-0.101000,-0.393000,-0.066000,0.000000,0.000000,-0.032000,-0.355000,-2.452000,-2.546000,0.061000,0.031000,-0.031000
65.299,0.120000,1.782000,-0.336000,-0.393000,-0.189000,-0.033000,-0.032000,-0.032000,-0.387000,-2.452000,-2.514000,0.000000,0.031000,-0.062000
65.376,0.022000,1.850000,-0.533000,-0.260000,-0.189000,0.000000,-0.032000,0.065000,-0.407000,-0.032000,0.129000,-0.031000,0.031000,-0.062000
65.448,-0.033000,1.816000,-0.634000,-0.293000,-0.189000,-0.033000,0.000000,0.033000,-0.355000,0.000000,0.064000,0.030000,0.000000,0.000000
65.482,0.022000,1.816000,-0.667000,-0.293000,-0.222000,0.000000,0.000000,0.033000,-0.291000,0.098000,0.064000,0.000000,0.031000,-0.107000
65.533,-0.098000,1.782000,-0.768000,-0.293000,-0.222000,0.000000,0.032000,0.000000,-0.194000,0.000000,0.129000,-0.031000,0.000000,-0.107000
